{"_":["benchmark/build/benchmark.js"],"open":true,"o":true,"version":false,"v":false,"help":false,"h":false,"quiet":false,"q":false,"silent":false,"s":false,"treeDebug":false,"tree-debug":false,"kernelTracingDebug":false,"kernel-tracing-debug":false,"kernelTracing":false,"kernel-tracing":false,"collectOnly":false,"collect-only":false,"writeTicks":false,"write-ticks":false,"D":"./benchmark/flamegraphs/","outputDir":"./benchmark/flamegraphs/","--":[],"workingDir":"/Volumes/Work/code/figma-plugin","argv":["benchmark/build/benchmark.js"],"pathToNodeBinary":"/Users/lukefinch/.nvm/versions/node/v20.3.1/bin/node","name":"flamegraph","collectDelay":0,"title":"node benchmark/build/benchmark.js","pid":67724,"inlined":{"scan /Volumes/Work/code/figma-plugin/benchmark/build/benchmark.js":[{"file":"/Volumes/Work/code/figma-plugin/benchmark/build/benchmark.js","fn":"scan","id":"1","ix":"0","pos":"11340","caller":{"file":"/Volumes/Work/code/figma-plugin/benchmark/build/benchmark.js","fn":"nextToken","id":"1","ix":"-1","pos":"11172","key":"nextToken /Volumes/Work/code/figma-plugin/benchmark/build/benchmark.js"}},{"file":"/Volumes/Work/code/figma-plugin/benchmark/build/benchmark.js","fn":"scan","id":"11","ix":"1","pos":"11340","caller":{"file":"/Volumes/Work/code/figma-plugin/benchmark/build/benchmark.js","fn":"scan","id":"11","ix":"-1","pos":"5767","key":"scan /Volumes/Work/code/figma-plugin/benchmark/build/benchmark.js"}},{"file":"/Volumes/Work/code/figma-plugin/benchmark/build/benchmark.js","fn":"scan","id":"11","ix":"1","pos":"11340","caller":{"file":"/Volumes/Work/code/figma-plugin/benchmark/build/benchmark.js","fn":"scan","id":"11","ix":"-1","pos":"5767","key":"scan /Volumes/Work/code/figma-plugin/benchmark/build/benchmark.js"}},{"file":"/Volumes/Work/code/figma-plugin/benchmark/build/benchmark.js","fn":"scan","id":"20","ix":"2","pos":"5767","caller":{"file":"/Volumes/Work/code/figma-plugin/benchmark/build/benchmark.js","fn":"processExpressions","id":"20","ix":"-1","pos":"3669","key":"processExpressions /Volumes/Work/code/figma-plugin/benchmark/build/benchmark.js"}},{"file":"/Volumes/Work/code/figma-plugin/benchmark/build/benchmark.js","fn":"scan","id":"20","ix":"4","pos":"11340","caller":{"file":"/Volumes/Work/code/figma-plugin/benchmark/build/benchmark.js","fn":"processExpressions","id":"20","ix":"-1","pos":"3669","key":"processExpressions /Volumes/Work/code/figma-plugin/benchmark/build/benchmark.js"}},{"file":"/Volumes/Work/code/figma-plugin/benchmark/build/benchmark.js","fn":"scan","id":"20","ix":"4","pos":"11340","caller":{"file":"/Volumes/Work/code/figma-plugin/benchmark/build/benchmark.js","fn":"processExpressions","id":"20","ix":"-1","pos":"3669","key":"processExpressions /Volumes/Work/code/figma-plugin/benchmark/build/benchmark.js"}}],"next /Volumes/Work/code/figma-plugin/benchmark/build/benchmark.js":[{"file":"/Volumes/Work/code/figma-plugin/benchmark/build/benchmark.js","fn":"next","id":"1","ix":"1","pos":"11409","caller":{"file":"/Volumes/Work/code/figma-plugin/benchmark/build/benchmark.js","fn":"nextToken","id":"1","ix":"-1","pos":"11172","key":"nextToken /Volumes/Work/code/figma-plugin/benchmark/build/benchmark.js"}},{"file":"/Volumes/Work/code/figma-plugin/benchmark/build/benchmark.js","fn":"next","id":"6","ix":"4","pos":"11409","caller":{"file":"/Volumes/Work/code/figma-plugin/benchmark/build/benchmark.js","fn":"WORD","id":"6","ix":"-1","pos":"12251","key":"WORD /Volumes/Work/code/figma-plugin/benchmark/build/benchmark.js"}},{"file":"/Volumes/Work/code/figma-plugin/benchmark/build/benchmark.js","fn":"next","id":"11","ix":"2","pos":"11409","caller":{"file":"/Volumes/Work/code/figma-plugin/benchmark/build/benchmark.js","fn":"scan","id":"11","ix":"-1","pos":"5767","key":"scan /Volumes/Work/code/figma-plugin/benchmark/build/benchmark.js"}},{"file":"/Volumes/Work/code/figma-plugin/benchmark/build/benchmark.js","fn":"next","id":"11","ix":"2","pos":"11409","caller":{"file":"/Volumes/Work/code/figma-plugin/benchmark/build/benchmark.js","fn":"scan","id":"11","ix":"-1","pos":"5767","key":"scan /Volumes/Work/code/figma-plugin/benchmark/build/benchmark.js"}},{"file":"/Volumes/Work/code/figma-plugin/benchmark/build/benchmark.js","fn":"next","id":"20","ix":"5","pos":"11409","caller":{"file":"/Volumes/Work/code/figma-plugin/benchmark/build/benchmark.js","fn":"processExpressions","id":"20","ix":"-1","pos":"3669","key":"processExpressions /Volumes/Work/code/figma-plugin/benchmark/build/benchmark.js"}},{"file":"/Volumes/Work/code/figma-plugin/benchmark/build/benchmark.js","fn":"next","id":"20","ix":"5","pos":"11409","caller":{"file":"/Volumes/Work/code/figma-plugin/benchmark/build/benchmark.js","fn":"processExpressions","id":"20","ix":"-1","pos":"3669","key":"processExpressions /Volumes/Work/code/figma-plugin/benchmark/build/benchmark.js"}}],"s /Volumes/Work/code/figma-plugin/benchmark/build/benchmark.js":[{"file":"/Volumes/Work/code/figma-plugin/benchmark/build/benchmark.js","fn":"s","id":"6","ix":"0","pos":"10796","caller":{"file":"/Volumes/Work/code/figma-plugin/benchmark/build/benchmark.js","fn":"WORD","id":"6","ix":"-1","pos":"12251","key":"WORD /Volumes/Work/code/figma-plugin/benchmark/build/benchmark.js"}},{"file":"/Volumes/Work/code/figma-plugin/benchmark/build/benchmark.js","fn":"s","id":"14","ix":"0","pos":"16524","caller":{"file":"/Volumes/Work/code/figma-plugin/benchmark/build/benchmark.js","fn":"t.LengthValue","id":"14","ix":"-1","pos":"16702","key":"t.LengthValue /Volumes/Work/code/figma-plugin/benchmark/build/benchmark.js"}},{"file":"/Volumes/Work/code/figma-plugin/benchmark/build/benchmark.js","fn":"s","id":"15","ix":"1","pos":"16524","caller":{"file":"/Volumes/Work/code/figma-plugin/benchmark/build/benchmark.js","fn":"g","id":"15","ix":"-1","pos":"1475","key":"g /Volumes/Work/code/figma-plugin/benchmark/build/benchmark.js"}},{"file":"/Volumes/Work/code/figma-plugin/benchmark/build/benchmark.js","fn":"s","id":"21","ix":"0","pos":"17770","caller":{"file":"/Volumes/Work/code/figma-plugin/benchmark/build/benchmark.js","fn":"set","id":"21","ix":"-1","pos":"17450","key":"set /Volumes/Work/code/figma-plugin/benchmark/build/benchmark.js"}},{"file":"/Volumes/Work/code/figma-plugin/benchmark/build/benchmark.js","fn":"s","id":"31","ix":"2","pos":"16524","caller":{"file":"/Volumes/Work/code/figma-plugin/benchmark/build/benchmark.js","fn":"(anonymous)","id":"31","ix":"-1","pos":"1360","key":"(anonymous) /Volumes/Work/code/figma-plugin/benchmark/build/benchmark.js"}}],"back /Volumes/Work/code/figma-plugin/benchmark/build/benchmark.js":[{"file":"/Volumes/Work/code/figma-plugin/benchmark/build/benchmark.js","fn":"back","id":"6","ix":"1","pos":"11565","caller":{"file":"/Volumes/Work/code/figma-plugin/benchmark/build/benchmark.js","fn":"WORD","id":"6","ix":"-1","pos":"12251","key":"WORD /Volumes/Work/code/figma-plugin/benchmark/build/benchmark.js"}},{"file":"/Volumes/Work/code/figma-plugin/benchmark/build/benchmark.js","fn":"back","id":"13","ix":"0","pos":"11565","caller":{"file":"/Volumes/Work/code/figma-plugin/benchmark/build/benchmark.js","fn":"WHITESPACE","id":"13","ix":"-1","pos":"12738","key":"WHITESPACE /Volumes/Work/code/figma-plugin/benchmark/build/benchmark.js"}}],"t.isWhitespace /Volumes/Work/code/figma-plugin/benchmark/build/benchmark.js":[{"file":"/Volumes/Work/code/figma-plugin/benchmark/build/benchmark.js","fn":"t.isWhitespace","id":"6","ix":"2","pos":"18972","caller":{"file":"/Volumes/Work/code/figma-plugin/benchmark/build/benchmark.js","fn":"WORD","id":"6","ix":"-1","pos":"12251","key":"WORD /Volumes/Work/code/figma-plugin/benchmark/build/benchmark.js"}},{"file":"/Volumes/Work/code/figma-plugin/benchmark/build/benchmark.js","fn":"t.isWhitespace","id":"8","ix":"0","pos":"18972","caller":{"file":"/Volumes/Work/code/figma-plugin/benchmark/build/benchmark.js","fn":"SCAN","id":"8","ix":"-1","pos":"11937","key":"SCAN /Volumes/Work/code/figma-plugin/benchmark/build/benchmark.js"}},{"file":"/Volumes/Work/code/figma-plugin/benchmark/build/benchmark.js","fn":"t.isWhitespace","id":"13","ix":"2","pos":"18972","caller":{"file":"/Volumes/Work/code/figma-plugin/benchmark/build/benchmark.js","fn":"WHITESPACE","id":"13","ix":"-1","pos":"12738","key":"WHITESPACE /Volumes/Work/code/figma-plugin/benchmark/build/benchmark.js"}}],"a /Volumes/Work/code/figma-plugin/benchmark/build/benchmark.js":[{"file":"/Volumes/Work/code/figma-plugin/benchmark/build/benchmark.js","fn":"a","id":"6","ix":"3","pos":"10690","caller":{"file":"/Volumes/Work/code/figma-plugin/benchmark/build/benchmark.js","fn":"WORD","id":"6","ix":"-1","pos":"12251","key":"WORD /Volumes/Work/code/figma-plugin/benchmark/build/benchmark.js"}},{"file":"/Volumes/Work/code/figma-plugin/benchmark/build/benchmark.js","fn":"a","id":"8","ix":"1","pos":"10690","caller":{"file":"/Volumes/Work/code/figma-plugin/benchmark/build/benchmark.js","fn":"SCAN","id":"8","ix":"-1","pos":"11937","key":"SCAN /Volumes/Work/code/figma-plugin/benchmark/build/benchmark.js"}},{"file":"/Volumes/Work/code/figma-plugin/benchmark/build/benchmark.js","fn":"a","id":"14","ix":"1","pos":"14754","caller":{"file":"/Volumes/Work/code/figma-plugin/benchmark/build/benchmark.js","fn":"t.LengthValue","id":"14","ix":"-1","pos":"16702","key":"t.LengthValue /Volumes/Work/code/figma-plugin/benchmark/build/benchmark.js"}},{"file":"/Volumes/Work/code/figma-plugin/benchmark/build/benchmark.js","fn":"a","id":"15","ix":"2","pos":"14754","caller":{"file":"/Volumes/Work/code/figma-plugin/benchmark/build/benchmark.js","fn":"g","id":"15","ix":"-1","pos":"1475","key":"g /Volumes/Work/code/figma-plugin/benchmark/build/benchmark.js"}},{"file":"/Volumes/Work/code/figma-plugin/benchmark/build/benchmark.js","fn":"a","id":"18","ix":"1","pos":"6199","caller":{"file":"/Volumes/Work/code/figma-plugin/benchmark/build/benchmark.js","fn":"a","id":"18","ix":"-1","pos":"6199","key":"a /Volumes/Work/code/figma-plugin/benchmark/build/benchmark.js"}},{"file":"/Volumes/Work/code/figma-plugin/benchmark/build/benchmark.js","fn":"a","id":"18","ix":"1","pos":"6199","caller":{"file":"/Volumes/Work/code/figma-plugin/benchmark/build/benchmark.js","fn":"a","id":"18","ix":"-1","pos":"6199","key":"a /Volumes/Work/code/figma-plugin/benchmark/build/benchmark.js"}},{"file":"/Volumes/Work/code/figma-plugin/benchmark/build/benchmark.js","fn":"a","id":"22","ix":"1","pos":"14754","caller":{"file":"/Volumes/Work/code/figma-plugin/benchmark/build/benchmark.js","fn":"t.Operator","id":"22","ix":"-1","pos":"18600","key":"t.Operator /Volumes/Work/code/figma-plugin/benchmark/build/benchmark.js"}},{"file":"/Volumes/Work/code/figma-plugin/benchmark/build/benchmark.js","fn":"a","id":"23","ix":"0","pos":"14754","caller":{"file":"/Volumes/Work/code/figma-plugin/benchmark/build/benchmark.js","fn":"t.MathExpression","id":"23","ix":"-1","pos":"17683","key":"t.MathExpression /Volumes/Work/code/figma-plugin/benchmark/build/benchmark.js"}},{"file":"/Volumes/Work/code/figma-plugin/benchmark/build/benchmark.js","fn":"a","id":"24","ix":"4","pos":"14754","caller":{"file":"/Volumes/Work/code/figma-plugin/benchmark/build/benchmark.js","fn":"mergeMathExpr","id":"24","ix":"-1","pos":"5225","key":"mergeMathExpr /Volumes/Work/code/figma-plugin/benchmark/build/benchmark.js"}},{"file":"/Volumes/Work/code/figma-plugin/benchmark/build/benchmark.js","fn":"a","id":"27","ix":"1","pos":"14754","caller":{"file":"/Volumes/Work/code/figma-plugin/benchmark/build/benchmark.js","fn":"t.newMathExpression","id":"27","ix":"-1","pos":"2166","key":"t.newMathExpression /Volumes/Work/code/figma-plugin/benchmark/build/benchmark.js"}},{"file":"/Volumes/Work/code/figma-plugin/benchmark/build/benchmark.js","fn":"a","id":"30","ix":"1","pos":"14754","caller":{"file":"/Volumes/Work/code/figma-plugin/benchmark/build/benchmark.js","fn":"t.Parser","id":"30","ix":"-1","pos":"3069","key":"t.Parser /Volumes/Work/code/figma-plugin/benchmark/build/benchmark.js"}},{"file":"/Volumes/Work/code/figma-plugin/benchmark/build/benchmark.js","fn":"a","id":"31","ix":"3","pos":"14754","caller":{"file":"/Volumes/Work/code/figma-plugin/benchmark/build/benchmark.js","fn":"(anonymous)","id":"31","ix":"-1","pos":"1360","key":"(anonymous) /Volumes/Work/code/figma-plugin/benchmark/build/benchmark.js"}},{"file":"/Volumes/Work/code/figma-plugin/benchmark/build/benchmark.js","fn":"a","id":"32","ix":"5","pos":"14754","caller":{"file":"/Volumes/Work/code/figma-plugin/benchmark/build/benchmark.js","fn":"parse","id":"32","ix":"-1","pos":"19655","key":"parse /Volumes/Work/code/figma-plugin/benchmark/build/benchmark.js"}},{"file":"/Volumes/Work/code/figma-plugin/benchmark/build/benchmark.js","fn":"a","id":"49","ix":"0","pos":"14754","caller":{"file":"/Volumes/Work/code/figma-plugin/benchmark/build/benchmark.js","fn":"t.MathExpression","id":"49","ix":"-1","pos":"17683","key":"t.MathExpression /Volumes/Work/code/figma-plugin/benchmark/build/benchmark.js"}},{"file":"/Volumes/Work/code/figma-plugin/benchmark/build/benchmark.js","fn":"a","id":"51","ix":"1","pos":"14754","caller":{"file":"/Volumes/Work/code/figma-plugin/benchmark/build/benchmark.js","fn":"t.newMathExpression","id":"51","ix":"-1","pos":"2166","key":"t.newMathExpression /Volumes/Work/code/figma-plugin/benchmark/build/benchmark.js"}},{"file":"/Volumes/Work/code/figma-plugin/benchmark/build/benchmark.js","fn":"a","id":"50","ix":"4","pos":"14754","caller":{"file":"/Volumes/Work/code/figma-plugin/benchmark/build/benchmark.js","fn":"mergeMathExpr","id":"50","ix":"-1","pos":"5225","key":"mergeMathExpr /Volumes/Work/code/figma-plugin/benchmark/build/benchmark.js"}},{"file":"/Volumes/Work/code/figma-plugin/benchmark/build/benchmark.js","fn":"a","id":"60","ix":"0","pos":"14754","caller":{"file":"/Volumes/Work/code/figma-plugin/benchmark/build/benchmark.js","fn":"t.MathExpression","id":"60","ix":"-1","pos":"17683","key":"t.MathExpression /Volumes/Work/code/figma-plugin/benchmark/build/benchmark.js"}},{"file":"/Volumes/Work/code/figma-plugin/benchmark/build/benchmark.js","fn":"a","id":"63","ix":"1","pos":"14754","caller":{"file":"/Volumes/Work/code/figma-plugin/benchmark/build/benchmark.js","fn":"t.newMathExpression","id":"63","ix":"-1","pos":"2166","key":"t.newMathExpression /Volumes/Work/code/figma-plugin/benchmark/build/benchmark.js"}},{"file":"/Volumes/Work/code/figma-plugin/benchmark/build/benchmark.js","fn":"a","id":"62","ix":"4","pos":"14754","caller":{"file":"/Volumes/Work/code/figma-plugin/benchmark/build/benchmark.js","fn":"mergeMathExpr","id":"62","ix":"-1","pos":"5225","key":"mergeMathExpr /Volumes/Work/code/figma-plugin/benchmark/build/benchmark.js"}},{"file":"/Volumes/Work/code/figma-plugin/benchmark/build/benchmark.js","fn":"a","id":"72","ix":"0","pos":"14754","caller":{"file":"/Volumes/Work/code/figma-plugin/benchmark/build/benchmark.js","fn":"t.Root","id":"72","ix":"-1","pos":"18452","key":"t.Root /Volumes/Work/code/figma-plugin/benchmark/build/benchmark.js"}}],"commitToken /Volumes/Work/code/figma-plugin/benchmark/build/benchmark.js":[{"file":"/Volumes/Work/code/figma-plugin/benchmark/build/benchmark.js","fn":"commitToken","id":"6","ix":"5","pos":"11744","caller":{"file":"/Volumes/Work/code/figma-plugin/benchmark/build/benchmark.js","fn":"WORD","id":"6","ix":"-1","pos":"12251","key":"WORD /Volumes/Work/code/figma-plugin/benchmark/build/benchmark.js"}},{"file":"/Volumes/Work/code/figma-plugin/benchmark/build/benchmark.js","fn":"commitToken","id":"8","ix":"2","pos":"11744","caller":{"file":"/Volumes/Work/code/figma-plugin/benchmark/build/benchmark.js","fn":"SCAN","id":"8","ix":"-1","pos":"11937","key":"SCAN /Volumes/Work/code/figma-plugin/benchmark/build/benchmark.js"}},{"file":"/Volumes/Work/code/figma-plugin/benchmark/build/benchmark.js","fn":"commitToken","id":"13","ix":"1","pos":"11744","caller":{"file":"/Volumes/Work/code/figma-plugin/benchmark/build/benchmark.js","fn":"WHITESPACE","id":"13","ix":"-1","pos":"12738","key":"WHITESPACE /Volumes/Work/code/figma-plugin/benchmark/build/benchmark.js"}}],"nextToken /Volumes/Work/code/figma-plugin/benchmark/build/benchmark.js":[{"file":"/Volumes/Work/code/figma-plugin/benchmark/build/benchmark.js","fn":"nextToken","id":"11","ix":"0","pos":"11172","caller":{"file":"/Volumes/Work/code/figma-plugin/benchmark/build/benchmark.js","fn":"scan","id":"11","ix":"-1","pos":"5767","key":"scan /Volumes/Work/code/figma-plugin/benchmark/build/benchmark.js"}},{"file":"/Volumes/Work/code/figma-plugin/benchmark/build/benchmark.js","fn":"nextToken","id":"11","ix":"0","pos":"11172","caller":{"file":"/Volumes/Work/code/figma-plugin/benchmark/build/benchmark.js","fn":"scan","id":"11","ix":"-1","pos":"5767","key":"scan /Volumes/Work/code/figma-plugin/benchmark/build/benchmark.js"}},{"file":"/Volumes/Work/code/figma-plugin/benchmark/build/benchmark.js","fn":"nextToken","id":"20","ix":"3","pos":"11172","caller":{"file":"/Volumes/Work/code/figma-plugin/benchmark/build/benchmark.js","fn":"processExpressions","id":"20","ix":"-1","pos":"3669","key":"processExpressions /Volumes/Work/code/figma-plugin/benchmark/build/benchmark.js"}},{"file":"/Volumes/Work/code/figma-plugin/benchmark/build/benchmark.js","fn":"nextToken","id":"20","ix":"3","pos":"11172","caller":{"file":"/Volumes/Work/code/figma-plugin/benchmark/build/benchmark.js","fn":"processExpressions","id":"20","ix":"-1","pos":"3669","key":"processExpressions /Volumes/Work/code/figma-plugin/benchmark/build/benchmark.js"}}],"t.LengthValue /Volumes/Work/code/figma-plugin/benchmark/build/benchmark.js":[{"file":"/Volumes/Work/code/figma-plugin/benchmark/build/benchmark.js","fn":"t.LengthValue","id":"15","ix":"0","pos":"16702","caller":{"file":"/Volumes/Work/code/figma-plugin/benchmark/build/benchmark.js","fn":"g","id":"15","ix":"-1","pos":"1475","key":"g /Volumes/Work/code/figma-plugin/benchmark/build/benchmark.js"}},{"file":"/Volumes/Work/code/figma-plugin/benchmark/build/benchmark.js","fn":"t.LengthValue","id":"31","ix":"1","pos":"16702","caller":{"file":"/Volumes/Work/code/figma-plugin/benchmark/build/benchmark.js","fn":"(anonymous)","id":"31","ix":"-1","pos":"1360","key":"(anonymous) /Volumes/Work/code/figma-plugin/benchmark/build/benchmark.js"}}],"u /Volumes/Work/code/figma-plugin/benchmark/build/benchmark.js":[{"file":"/Volumes/Work/code/figma-plugin/benchmark/build/benchmark.js","fn":"u","id":"22","ix":"0","pos":"17241","caller":{"file":"/Volumes/Work/code/figma-plugin/benchmark/build/benchmark.js","fn":"t.Operator","id":"22","ix":"-1","pos":"18600","key":"t.Operator /Volumes/Work/code/figma-plugin/benchmark/build/benchmark.js"}}],"c /Volumes/Work/code/figma-plugin/benchmark/build/benchmark.js":[{"file":"/Volumes/Work/code/figma-plugin/benchmark/build/benchmark.js","fn":"c","id":"23","ix":"1","pos":"17330","caller":{"file":"/Volumes/Work/code/figma-plugin/benchmark/build/benchmark.js","fn":"t.MathExpression","id":"23","ix":"-1","pos":"17683","key":"t.MathExpression /Volumes/Work/code/figma-plugin/benchmark/build/benchmark.js"}},{"file":"/Volumes/Work/code/figma-plugin/benchmark/build/benchmark.js","fn":"c","id":"23","ix":"1","pos":"17330","caller":{"file":"/Volumes/Work/code/figma-plugin/benchmark/build/benchmark.js","fn":"t.MathExpression","id":"23","ix":"-1","pos":"17683","key":"t.MathExpression /Volumes/Work/code/figma-plugin/benchmark/build/benchmark.js"}},{"file":"/Volumes/Work/code/figma-plugin/benchmark/build/benchmark.js","fn":"c","id":"24","ix":"5","pos":"17330","caller":{"file":"/Volumes/Work/code/figma-plugin/benchmark/build/benchmark.js","fn":"mergeMathExpr","id":"24","ix":"-1","pos":"5225","key":"mergeMathExpr /Volumes/Work/code/figma-plugin/benchmark/build/benchmark.js"}},{"file":"/Volumes/Work/code/figma-plugin/benchmark/build/benchmark.js","fn":"c","id":"24","ix":"5","pos":"17330","caller":{"file":"/Volumes/Work/code/figma-plugin/benchmark/build/benchmark.js","fn":"mergeMathExpr","id":"24","ix":"-1","pos":"5225","key":"mergeMathExpr /Volumes/Work/code/figma-plugin/benchmark/build/benchmark.js"}},{"file":"/Volumes/Work/code/figma-plugin/benchmark/build/benchmark.js","fn":"c","id":"27","ix":"2","pos":"17330","caller":{"file":"/Volumes/Work/code/figma-plugin/benchmark/build/benchmark.js","fn":"t.newMathExpression","id":"27","ix":"-1","pos":"2166","key":"t.newMathExpression /Volumes/Work/code/figma-plugin/benchmark/build/benchmark.js"}},{"file":"/Volumes/Work/code/figma-plugin/benchmark/build/benchmark.js","fn":"c","id":"27","ix":"2","pos":"17330","caller":{"file":"/Volumes/Work/code/figma-plugin/benchmark/build/benchmark.js","fn":"t.newMathExpression","id":"27","ix":"-1","pos":"2166","key":"t.newMathExpression /Volumes/Work/code/figma-plugin/benchmark/build/benchmark.js"}},{"file":"/Volumes/Work/code/figma-plugin/benchmark/build/benchmark.js","fn":"c","id":"49","ix":"1","pos":"17330","caller":{"file":"/Volumes/Work/code/figma-plugin/benchmark/build/benchmark.js","fn":"t.MathExpression","id":"49","ix":"-1","pos":"17683","key":"t.MathExpression /Volumes/Work/code/figma-plugin/benchmark/build/benchmark.js"}},{"file":"/Volumes/Work/code/figma-plugin/benchmark/build/benchmark.js","fn":"c","id":"49","ix":"1","pos":"17330","caller":{"file":"/Volumes/Work/code/figma-plugin/benchmark/build/benchmark.js","fn":"t.MathExpression","id":"49","ix":"-1","pos":"17683","key":"t.MathExpression /Volumes/Work/code/figma-plugin/benchmark/build/benchmark.js"}},{"file":"/Volumes/Work/code/figma-plugin/benchmark/build/benchmark.js","fn":"c","id":"51","ix":"2","pos":"17330","caller":{"file":"/Volumes/Work/code/figma-plugin/benchmark/build/benchmark.js","fn":"t.newMathExpression","id":"51","ix":"-1","pos":"2166","key":"t.newMathExpression /Volumes/Work/code/figma-plugin/benchmark/build/benchmark.js"}},{"file":"/Volumes/Work/code/figma-plugin/benchmark/build/benchmark.js","fn":"c","id":"51","ix":"2","pos":"17330","caller":{"file":"/Volumes/Work/code/figma-plugin/benchmark/build/benchmark.js","fn":"t.newMathExpression","id":"51","ix":"-1","pos":"2166","key":"t.newMathExpression /Volumes/Work/code/figma-plugin/benchmark/build/benchmark.js"}},{"file":"/Volumes/Work/code/figma-plugin/benchmark/build/benchmark.js","fn":"c","id":"50","ix":"5","pos":"17330","caller":{"file":"/Volumes/Work/code/figma-plugin/benchmark/build/benchmark.js","fn":"mergeMathExpr","id":"50","ix":"-1","pos":"5225","key":"mergeMathExpr /Volumes/Work/code/figma-plugin/benchmark/build/benchmark.js"}},{"file":"/Volumes/Work/code/figma-plugin/benchmark/build/benchmark.js","fn":"c","id":"50","ix":"5","pos":"17330","caller":{"file":"/Volumes/Work/code/figma-plugin/benchmark/build/benchmark.js","fn":"mergeMathExpr","id":"50","ix":"-1","pos":"5225","key":"mergeMathExpr /Volumes/Work/code/figma-plugin/benchmark/build/benchmark.js"}},{"file":"/Volumes/Work/code/figma-plugin/benchmark/build/benchmark.js","fn":"c","id":"60","ix":"1","pos":"17330","caller":{"file":"/Volumes/Work/code/figma-plugin/benchmark/build/benchmark.js","fn":"t.MathExpression","id":"60","ix":"-1","pos":"17683","key":"t.MathExpression /Volumes/Work/code/figma-plugin/benchmark/build/benchmark.js"}},{"file":"/Volumes/Work/code/figma-plugin/benchmark/build/benchmark.js","fn":"c","id":"60","ix":"1","pos":"17330","caller":{"file":"/Volumes/Work/code/figma-plugin/benchmark/build/benchmark.js","fn":"t.MathExpression","id":"60","ix":"-1","pos":"17683","key":"t.MathExpression /Volumes/Work/code/figma-plugin/benchmark/build/benchmark.js"}},{"file":"/Volumes/Work/code/figma-plugin/benchmark/build/benchmark.js","fn":"c","id":"63","ix":"2","pos":"17330","caller":{"file":"/Volumes/Work/code/figma-plugin/benchmark/build/benchmark.js","fn":"t.newMathExpression","id":"63","ix":"-1","pos":"2166","key":"t.newMathExpression /Volumes/Work/code/figma-plugin/benchmark/build/benchmark.js"}},{"file":"/Volumes/Work/code/figma-plugin/benchmark/build/benchmark.js","fn":"c","id":"63","ix":"2","pos":"17330","caller":{"file":"/Volumes/Work/code/figma-plugin/benchmark/build/benchmark.js","fn":"t.newMathExpression","id":"63","ix":"-1","pos":"2166","key":"t.newMathExpression /Volumes/Work/code/figma-plugin/benchmark/build/benchmark.js"}},{"file":"/Volumes/Work/code/figma-plugin/benchmark/build/benchmark.js","fn":"c","id":"62","ix":"5","pos":"17330","caller":{"file":"/Volumes/Work/code/figma-plugin/benchmark/build/benchmark.js","fn":"mergeMathExpr","id":"62","ix":"-1","pos":"5225","key":"mergeMathExpr /Volumes/Work/code/figma-plugin/benchmark/build/benchmark.js"}},{"file":"/Volumes/Work/code/figma-plugin/benchmark/build/benchmark.js","fn":"c","id":"62","ix":"5","pos":"17330","caller":{"file":"/Volumes/Work/code/figma-plugin/benchmark/build/benchmark.js","fn":"mergeMathExpr","id":"62","ix":"-1","pos":"5225","key":"mergeMathExpr /Volumes/Work/code/figma-plugin/benchmark/build/benchmark.js"}}],"t.newWordNode /Volumes/Work/code/figma-plugin/benchmark/build/benchmark.js":[{"file":"/Volumes/Work/code/figma-plugin/benchmark/build/benchmark.js","fn":"t.newWordNode","id":"20","ix":"0","pos":"1272","caller":{"file":"/Volumes/Work/code/figma-plugin/benchmark/build/benchmark.js","fn":"processExpressions","id":"20","ix":"-1","pos":"3669","key":"processExpressions /Volumes/Work/code/figma-plugin/benchmark/build/benchmark.js"}}],"eof /Volumes/Work/code/figma-plugin/benchmark/build/benchmark.js":[{"file":"/Volumes/Work/code/figma-plugin/benchmark/build/benchmark.js","fn":"eof","id":"20","ix":"1","pos":"3277","caller":{"file":"/Volumes/Work/code/figma-plugin/benchmark/build/benchmark.js","fn":"processExpressions","id":"20","ix":"-1","pos":"3669","key":"processExpressions /Volumes/Work/code/figma-plugin/benchmark/build/benchmark.js"}}],"push /Volumes/Work/code/figma-plugin/benchmark/build/benchmark.js":[{"file":"/Volumes/Work/code/figma-plugin/benchmark/build/benchmark.js","fn":"push","id":"20","ix":"6","pos":"15134","caller":{"file":"/Volumes/Work/code/figma-plugin/benchmark/build/benchmark.js","fn":"processExpressions","id":"20","ix":"-1","pos":"3669","key":"processExpressions /Volumes/Work/code/figma-plugin/benchmark/build/benchmark.js"}},{"file":"/Volumes/Work/code/figma-plugin/benchmark/build/benchmark.js","fn":"push","id":"28","ix":"4","pos":"15134","caller":{"file":"/Volumes/Work/code/figma-plugin/benchmark/build/benchmark.js","fn":"checkAndMergeMathExpr","id":"28","ix":"-1","pos":"4272","key":"checkAndMergeMathExpr /Volumes/Work/code/figma-plugin/benchmark/build/benchmark.js"}},{"file":"/Volumes/Work/code/figma-plugin/benchmark/build/benchmark.js","fn":"push","id":"36","ix":"0","pos":"15134","caller":{"file":"/Volumes/Work/code/figma-plugin/benchmark/build/benchmark.js","fn":"postStack","id":"36","ix":"-1","pos":"5654","key":"postStack /Volumes/Work/code/figma-plugin/benchmark/build/benchmark.js"}},{"file":"/Volumes/Work/code/figma-plugin/benchmark/build/benchmark.js","fn":"push","id":"53","ix":"0","pos":"15134","caller":{"file":"/Volumes/Work/code/figma-plugin/benchmark/build/benchmark.js","fn":"checkAndMergeMathExpr","id":"53","ix":"-1","pos":"4272","key":"checkAndMergeMathExpr /Volumes/Work/code/figma-plugin/benchmark/build/benchmark.js"}}],"t.newOperator /Volumes/Work/code/figma-plugin/benchmark/build/benchmark.js":[{"file":"/Volumes/Work/code/figma-plugin/benchmark/build/benchmark.js","fn":"t.newOperator","id":"20","ix":"8","pos":"1148","caller":{"file":"/Volumes/Work/code/figma-plugin/benchmark/build/benchmark.js","fn":"processExpressions","id":"20","ix":"-1","pos":"3669","key":"processExpressions /Volumes/Work/code/figma-plugin/benchmark/build/benchmark.js"}}],"y /Volumes/Work/code/figma-plugin/benchmark/build/benchmark.js":[{"file":"/Volumes/Work/code/figma-plugin/benchmark/build/benchmark.js","fn":"y","id":"20","ix":"9","pos":"925","caller":{"file":"/Volumes/Work/code/figma-plugin/benchmark/build/benchmark.js","fn":"processExpressions","id":"20","ix":"-1","pos":"3669","key":"processExpressions /Volumes/Work/code/figma-plugin/benchmark/build/benchmark.js"}}],"r /Volumes/Work/code/figma-plugin/benchmark/build/benchmark.js":[{"file":"/Volumes/Work/code/figma-plugin/benchmark/build/benchmark.js","fn":"r","id":"24","ix":"0","pos":"19174","caller":{"file":"/Volumes/Work/code/figma-plugin/benchmark/build/benchmark.js","fn":"mergeMathExpr","id":"24","ix":"-1","pos":"5225","key":"mergeMathExpr /Volumes/Work/code/figma-plugin/benchmark/build/benchmark.js"}},{"file":"/Volumes/Work/code/figma-plugin/benchmark/build/benchmark.js","fn":"r","id":"28","ix":"1","pos":"19174","caller":{"file":"/Volumes/Work/code/figma-plugin/benchmark/build/benchmark.js","fn":"checkAndMergeMathExpr","id":"28","ix":"-1","pos":"4272","key":"checkAndMergeMathExpr /Volumes/Work/code/figma-plugin/benchmark/build/benchmark.js"}},{"file":"/Volumes/Work/code/figma-plugin/benchmark/build/benchmark.js","fn":"r","id":"50","ix":"0","pos":"19174","caller":{"file":"/Volumes/Work/code/figma-plugin/benchmark/build/benchmark.js","fn":"mergeMathExpr","id":"50","ix":"-1","pos":"5225","key":"mergeMathExpr /Volumes/Work/code/figma-plugin/benchmark/build/benchmark.js"}},{"file":"/Volumes/Work/code/figma-plugin/benchmark/build/benchmark.js","fn":"r","id":"62","ix":"0","pos":"19174","caller":{"file":"/Volumes/Work/code/figma-plugin/benchmark/build/benchmark.js","fn":"mergeMathExpr","id":"62","ix":"-1","pos":"5225","key":"mergeMathExpr /Volumes/Work/code/figma-plugin/benchmark/build/benchmark.js"}}],"t.newMathExpression /Volumes/Work/code/figma-plugin/benchmark/build/benchmark.js":[{"file":"/Volumes/Work/code/figma-plugin/benchmark/build/benchmark.js","fn":"t.newMathExpression","id":"24","ix":"1","pos":"2166","caller":{"file":"/Volumes/Work/code/figma-plugin/benchmark/build/benchmark.js","fn":"mergeMathExpr","id":"24","ix":"-1","pos":"5225","key":"mergeMathExpr /Volumes/Work/code/figma-plugin/benchmark/build/benchmark.js"}},{"file":"/Volumes/Work/code/figma-plugin/benchmark/build/benchmark.js","fn":"t.newMathExpression","id":"28","ix":"2","pos":"2166","caller":{"file":"/Volumes/Work/code/figma-plugin/benchmark/build/benchmark.js","fn":"checkAndMergeMathExpr","id":"28","ix":"-1","pos":"4272","key":"checkAndMergeMathExpr /Volumes/Work/code/figma-plugin/benchmark/build/benchmark.js"}},{"file":"/Volumes/Work/code/figma-plugin/benchmark/build/benchmark.js","fn":"t.newMathExpression","id":"50","ix":"1","pos":"2166","caller":{"file":"/Volumes/Work/code/figma-plugin/benchmark/build/benchmark.js","fn":"mergeMathExpr","id":"50","ix":"-1","pos":"5225","key":"mergeMathExpr /Volumes/Work/code/figma-plugin/benchmark/build/benchmark.js"}},{"file":"/Volumes/Work/code/figma-plugin/benchmark/build/benchmark.js","fn":"t.newMathExpression","id":"62","ix":"1","pos":"2166","caller":{"file":"/Volumes/Work/code/figma-plugin/benchmark/build/benchmark.js","fn":"mergeMathExpr","id":"62","ix":"-1","pos":"5225","key":"mergeMathExpr /Volumes/Work/code/figma-plugin/benchmark/build/benchmark.js"}}],"p /Volumes/Work/code/figma-plugin/benchmark/build/benchmark.js":[{"file":"/Volumes/Work/code/figma-plugin/benchmark/build/benchmark.js","fn":"p","id":"24","ix":"2","pos":"2979","caller":{"file":"/Volumes/Work/code/figma-plugin/benchmark/build/benchmark.js","fn":"mergeMathExpr","id":"24","ix":"-1","pos":"5225","key":"mergeMathExpr /Volumes/Work/code/figma-plugin/benchmark/build/benchmark.js"}},{"file":"/Volumes/Work/code/figma-plugin/benchmark/build/benchmark.js","fn":"p","id":"24","ix":"2","pos":"2979","caller":{"file":"/Volumes/Work/code/figma-plugin/benchmark/build/benchmark.js","fn":"mergeMathExpr","id":"24","ix":"-1","pos":"5225","key":"mergeMathExpr /Volumes/Work/code/figma-plugin/benchmark/build/benchmark.js"}},{"file":"/Volumes/Work/code/figma-plugin/benchmark/build/benchmark.js","fn":"p","id":"28","ix":"3","pos":"2979","caller":{"file":"/Volumes/Work/code/figma-plugin/benchmark/build/benchmark.js","fn":"checkAndMergeMathExpr","id":"28","ix":"-1","pos":"4272","key":"checkAndMergeMathExpr /Volumes/Work/code/figma-plugin/benchmark/build/benchmark.js"}},{"file":"/Volumes/Work/code/figma-plugin/benchmark/build/benchmark.js","fn":"p","id":"28","ix":"3","pos":"2979","caller":{"file":"/Volumes/Work/code/figma-plugin/benchmark/build/benchmark.js","fn":"checkAndMergeMathExpr","id":"28","ix":"-1","pos":"4272","key":"checkAndMergeMathExpr /Volumes/Work/code/figma-plugin/benchmark/build/benchmark.js"}},{"file":"/Volumes/Work/code/figma-plugin/benchmark/build/benchmark.js","fn":"p","id":"50","ix":"2","pos":"2979","caller":{"file":"/Volumes/Work/code/figma-plugin/benchmark/build/benchmark.js","fn":"mergeMathExpr","id":"50","ix":"-1","pos":"5225","key":"mergeMathExpr /Volumes/Work/code/figma-plugin/benchmark/build/benchmark.js"}},{"file":"/Volumes/Work/code/figma-plugin/benchmark/build/benchmark.js","fn":"p","id":"50","ix":"2","pos":"2979","caller":{"file":"/Volumes/Work/code/figma-plugin/benchmark/build/benchmark.js","fn":"mergeMathExpr","id":"50","ix":"-1","pos":"5225","key":"mergeMathExpr /Volumes/Work/code/figma-plugin/benchmark/build/benchmark.js"}},{"file":"/Volumes/Work/code/figma-plugin/benchmark/build/benchmark.js","fn":"p","id":"62","ix":"2","pos":"2979","caller":{"file":"/Volumes/Work/code/figma-plugin/benchmark/build/benchmark.js","fn":"mergeMathExpr","id":"62","ix":"-1","pos":"5225","key":"mergeMathExpr /Volumes/Work/code/figma-plugin/benchmark/build/benchmark.js"}},{"file":"/Volumes/Work/code/figma-plugin/benchmark/build/benchmark.js","fn":"p","id":"62","ix":"2","pos":"2979","caller":{"file":"/Volumes/Work/code/figma-plugin/benchmark/build/benchmark.js","fn":"mergeMathExpr","id":"62","ix":"-1","pos":"5225","key":"mergeMathExpr /Volumes/Work/code/figma-plugin/benchmark/build/benchmark.js"}}],"t.MathExpression /Volumes/Work/code/figma-plugin/benchmark/build/benchmark.js":[{"file":"/Volumes/Work/code/figma-plugin/benchmark/build/benchmark.js","fn":"t.MathExpression","id":"24","ix":"3","pos":"17683","caller":{"file":"/Volumes/Work/code/figma-plugin/benchmark/build/benchmark.js","fn":"mergeMathExpr","id":"24","ix":"-1","pos":"5225","key":"mergeMathExpr /Volumes/Work/code/figma-plugin/benchmark/build/benchmark.js"}},{"file":"/Volumes/Work/code/figma-plugin/benchmark/build/benchmark.js","fn":"t.MathExpression","id":"27","ix":"0","pos":"17683","caller":{"file":"/Volumes/Work/code/figma-plugin/benchmark/build/benchmark.js","fn":"t.newMathExpression","id":"27","ix":"-1","pos":"2166","key":"t.newMathExpression /Volumes/Work/code/figma-plugin/benchmark/build/benchmark.js"}},{"file":"/Volumes/Work/code/figma-plugin/benchmark/build/benchmark.js","fn":"t.MathExpression","id":"51","ix":"0","pos":"17683","caller":{"file":"/Volumes/Work/code/figma-plugin/benchmark/build/benchmark.js","fn":"t.newMathExpression","id":"51","ix":"-1","pos":"2166","key":"t.newMathExpression /Volumes/Work/code/figma-plugin/benchmark/build/benchmark.js"}},{"file":"/Volumes/Work/code/figma-plugin/benchmark/build/benchmark.js","fn":"t.MathExpression","id":"50","ix":"3","pos":"17683","caller":{"file":"/Volumes/Work/code/figma-plugin/benchmark/build/benchmark.js","fn":"mergeMathExpr","id":"50","ix":"-1","pos":"5225","key":"mergeMathExpr /Volumes/Work/code/figma-plugin/benchmark/build/benchmark.js"}},{"file":"/Volumes/Work/code/figma-plugin/benchmark/build/benchmark.js","fn":"t.MathExpression","id":"63","ix":"0","pos":"17683","caller":{"file":"/Volumes/Work/code/figma-plugin/benchmark/build/benchmark.js","fn":"t.newMathExpression","id":"63","ix":"-1","pos":"2166","key":"t.newMathExpression /Volumes/Work/code/figma-plugin/benchmark/build/benchmark.js"}},{"file":"/Volumes/Work/code/figma-plugin/benchmark/build/benchmark.js","fn":"t.MathExpression","id":"62","ix":"3","pos":"17683","caller":{"file":"/Volumes/Work/code/figma-plugin/benchmark/build/benchmark.js","fn":"mergeMathExpr","id":"62","ix":"-1","pos":"5225","key":"mergeMathExpr /Volumes/Work/code/figma-plugin/benchmark/build/benchmark.js"}}],"no.next /Volumes/Work/code/figma-plugin/benchmark/build/benchmark.js":[{"file":"/Volumes/Work/code/figma-plugin/benchmark/build/benchmark.js","fn":"no.next","id":"25","ix":"0","pos":"98121","caller":{"file":"/Volumes/Work/code/figma-plugin/benchmark/build/benchmark.js","fn":"ao.next","id":"25","ix":"-1","pos":"104336","key":"ao.next /Volumes/Work/code/figma-plugin/benchmark/build/benchmark.js"}}],"no.isNumber /Volumes/Work/code/figma-plugin/benchmark/build/benchmark.js":[{"file":"/Volumes/Work/code/figma-plugin/benchmark/build/benchmark.js","fn":"no.isNumber","id":"25","ix":"1","pos":"102453","caller":{"file":"/Volumes/Work/code/figma-plugin/benchmark/build/benchmark.js","fn":"ao.next","id":"25","ix":"-1","pos":"104336","key":"ao.next /Volumes/Work/code/figma-plugin/benchmark/build/benchmark.js"}}],"no.isComment /Volumes/Work/code/figma-plugin/benchmark/build/benchmark.js":[{"file":"/Volumes/Work/code/figma-plugin/benchmark/build/benchmark.js","fn":"no.isComment","id":"25","ix":"2","pos":"101759","caller":{"file":"/Volumes/Work/code/figma-plugin/benchmark/build/benchmark.js","fn":"ao.next","id":"25","ix":"-1","pos":"104336","key":"ao.next /Volumes/Work/code/figma-plugin/benchmark/build/benchmark.js"}}],"no.isWhitespace /Volumes/Work/code/figma-plugin/benchmark/build/benchmark.js":[{"file":"/Volumes/Work/code/figma-plugin/benchmark/build/benchmark.js","fn":"no.isWhitespace","id":"25","ix":"3","pos":"100699","caller":{"file":"/Volumes/Work/code/figma-plugin/benchmark/build/benchmark.js","fn":"ao.next","id":"25","ix":"-1","pos":"104336","key":"ao.next /Volumes/Work/code/figma-plugin/benchmark/build/benchmark.js"}}],"no.newToken /Volumes/Work/code/figma-plugin/benchmark/build/benchmark.js":[{"file":"/Volumes/Work/code/figma-plugin/benchmark/build/benchmark.js","fn":"no.newToken","id":"25","ix":"4","pos":"97867","caller":{"file":"/Volumes/Work/code/figma-plugin/benchmark/build/benchmark.js","fn":"ao.next","id":"25","ix":"-1","pos":"104336","key":"ao.next /Volumes/Work/code/figma-plugin/benchmark/build/benchmark.js"}},{"file":"/Volumes/Work/code/figma-plugin/benchmark/build/benchmark.js","fn":"no.newToken","id":"25","ix":"4","pos":"97867","caller":{"file":"/Volumes/Work/code/figma-plugin/benchmark/build/benchmark.js","fn":"ao.next","id":"25","ix":"-1","pos":"104336","key":"ao.next /Volumes/Work/code/figma-plugin/benchmark/build/benchmark.js"}},{"file":"/Volumes/Work/code/figma-plugin/benchmark/build/benchmark.js","fn":"no.newToken","id":"38","ix":"0","pos":"97867","caller":{"file":"/Volumes/Work/code/figma-plugin/benchmark/build/benchmark.js","fn":"no.isName","id":"38","ix":"-1","pos":"100296","key":"no.isName /Volumes/Work/code/figma-plugin/benchmark/build/benchmark.js"}}],"ro /Volumes/Work/code/figma-plugin/benchmark/build/benchmark.js":[{"file":"/Volumes/Work/code/figma-plugin/benchmark/build/benchmark.js","fn":"ro","id":"25","ix":"5","pos":"97477","caller":{"file":"/Volumes/Work/code/figma-plugin/benchmark/build/benchmark.js","fn":"ao.next","id":"25","ix":"-1","pos":"104336","key":"ao.next /Volumes/Work/code/figma-plugin/benchmark/build/benchmark.js"}},{"file":"/Volumes/Work/code/figma-plugin/benchmark/build/benchmark.js","fn":"ro","id":"25","ix":"5","pos":"97477","caller":{"file":"/Volumes/Work/code/figma-plugin/benchmark/build/benchmark.js","fn":"ao.next","id":"25","ix":"-1","pos":"104336","key":"ao.next /Volumes/Work/code/figma-plugin/benchmark/build/benchmark.js"}},{"file":"/Volumes/Work/code/figma-plugin/benchmark/build/benchmark.js","fn":"ro","id":"29","ix":"0","pos":"97477","caller":{"file":"/Volumes/Work/code/figma-plugin/benchmark/build/benchmark.js","fn":"no.newToken","id":"29","ix":"-1","pos":"97867","key":"no.newToken /Volumes/Work/code/figma-plugin/benchmark/build/benchmark.js"}},{"file":"/Volumes/Work/code/figma-plugin/benchmark/build/benchmark.js","fn":"ro","id":"38","ix":"1","pos":"97477","caller":{"file":"/Volumes/Work/code/figma-plugin/benchmark/build/benchmark.js","fn":"no.isName","id":"38","ix":"-1","pos":"100296","key":"no.isName /Volumes/Work/code/figma-plugin/benchmark/build/benchmark.js"}}],"mergeMathExpr /Volumes/Work/code/figma-plugin/benchmark/build/benchmark.js":[{"file":"/Volumes/Work/code/figma-plugin/benchmark/build/benchmark.js","fn":"mergeMathExpr","id":"28","ix":"0","pos":"5225","caller":{"file":"/Volumes/Work/code/figma-plugin/benchmark/build/benchmark.js","fn":"checkAndMergeMathExpr","id":"28","ix":"-1","pos":"4272","key":"checkAndMergeMathExpr /Volumes/Work/code/figma-plugin/benchmark/build/benchmark.js"}}],"t.Root /Volumes/Work/code/figma-plugin/benchmark/build/benchmark.js":[{"file":"/Volumes/Work/code/figma-plugin/benchmark/build/benchmark.js","fn":"t.Root","id":"30","ix":"0","pos":"18452","caller":{"file":"/Volumes/Work/code/figma-plugin/benchmark/build/benchmark.js","fn":"t.Parser","id":"30","ix":"-1","pos":"3069","key":"t.Parser /Volumes/Work/code/figma-plugin/benchmark/build/benchmark.js"}},{"file":"/Volumes/Work/code/figma-plugin/benchmark/build/benchmark.js","fn":"t.Root","id":"32","ix":"4","pos":"18452","caller":{"file":"/Volumes/Work/code/figma-plugin/benchmark/build/benchmark.js","fn":"parse","id":"32","ix":"-1","pos":"19655","key":"parse /Volumes/Work/code/figma-plugin/benchmark/build/benchmark.js"}}],"g /Volumes/Work/code/figma-plugin/benchmark/build/benchmark.js":[{"file":"/Volumes/Work/code/figma-plugin/benchmark/build/benchmark.js","fn":"g","id":"31","ix":"0","pos":"1475","caller":{"file":"/Volumes/Work/code/figma-plugin/benchmark/build/benchmark.js","fn":"(anonymous)","id":"31","ix":"-1","pos":"1360","key":"(anonymous) /Volumes/Work/code/figma-plugin/benchmark/build/benchmark.js"}}],"parse /Volumes/Work/code/figma-plugin/benchmark/build/benchmark.js":[{"file":"/Volumes/Work/code/figma-plugin/benchmark/build/benchmark.js","fn":"parse","id":"32","ix":"0","pos":"3225","caller":{"file":"/Volumes/Work/code/figma-plugin/benchmark/build/benchmark.js","fn":"parse","id":"32","ix":"-1","pos":"19655","key":"parse /Volumes/Work/code/figma-plugin/benchmark/build/benchmark.js"}},{"file":"/Volumes/Work/code/figma-plugin/benchmark/build/benchmark.js","fn":"parse","id":"39","ix":"3","pos":"19655","caller":{"file":"/Volumes/Work/code/figma-plugin/benchmark/build/benchmark.js","fn":"ha","id":"39","ix":"-1","pos":"116564","key":"ha /Volumes/Work/code/figma-plugin/benchmark/build/benchmark.js"}},{"file":"/Volumes/Work/code/figma-plugin/benchmark/build/benchmark.js","fn":"parse","id":"39","ix":"5","pos":"3225","caller":{"file":"/Volumes/Work/code/figma-plugin/benchmark/build/benchmark.js","fn":"ha","id":"39","ix":"-1","pos":"116564","key":"ha /Volumes/Work/code/figma-plugin/benchmark/build/benchmark.js"}},{"file":"/Volumes/Work/code/figma-plugin/benchmark/build/benchmark.js","fn":"parse","id":"48","ix":"4","pos":"19655","caller":{"file":"/Volumes/Work/code/figma-plugin/benchmark/build/benchmark.js","fn":"ga","id":"48","ix":"-1","pos":"118591","key":"ga /Volumes/Work/code/figma-plugin/benchmark/build/benchmark.js"}},{"file":"/Volumes/Work/code/figma-plugin/benchmark/build/benchmark.js","fn":"parse","id":"48","ix":"5","pos":"3225","caller":{"file":"/Volumes/Work/code/figma-plugin/benchmark/build/benchmark.js","fn":"ga","id":"48","ix":"-1","pos":"118591","key":"ga /Volumes/Work/code/figma-plugin/benchmark/build/benchmark.js"}},{"file":"/Volumes/Work/code/figma-plugin/benchmark/build/benchmark.js","fn":"parse","id":"85","ix":"3","pos":"19655","caller":{"file":"/Volumes/Work/code/figma-plugin/benchmark/build/benchmark.js","fn":"ha","id":"85","ix":"-1","pos":"116564","key":"ha /Volumes/Work/code/figma-plugin/benchmark/build/benchmark.js"}},{"file":"/Volumes/Work/code/figma-plugin/benchmark/build/benchmark.js","fn":"parse","id":"85","ix":"9","pos":"3225","caller":{"file":"/Volumes/Work/code/figma-plugin/benchmark/build/benchmark.js","fn":"ha","id":"85","ix":"-1","pos":"116564","key":"ha /Volumes/Work/code/figma-plugin/benchmark/build/benchmark.js"}}],"l /Volumes/Work/code/figma-plugin/benchmark/build/benchmark.js":[{"file":"/Volumes/Work/code/figma-plugin/benchmark/build/benchmark.js","fn":"l","id":"32","ix":"1","pos":"2916","caller":{"file":"/Volumes/Work/code/figma-plugin/benchmark/build/benchmark.js","fn":"parse","id":"32","ix":"-1","pos":"19655","key":"parse /Volumes/Work/code/figma-plugin/benchmark/build/benchmark.js"}},{"file":"/Volumes/Work/code/figma-plugin/benchmark/build/benchmark.js","fn":"l","id":"39","ix":"6","pos":"2916","caller":{"file":"/Volumes/Work/code/figma-plugin/benchmark/build/benchmark.js","fn":"ha","id":"39","ix":"-1","pos":"116564","key":"ha /Volumes/Work/code/figma-plugin/benchmark/build/benchmark.js"}},{"file":"/Volumes/Work/code/figma-plugin/benchmark/build/benchmark.js","fn":"l","id":"48","ix":"6","pos":"2916","caller":{"file":"/Volumes/Work/code/figma-plugin/benchmark/build/benchmark.js","fn":"ga","id":"48","ix":"-1","pos":"118591","key":"ga /Volumes/Work/code/figma-plugin/benchmark/build/benchmark.js"}},{"file":"/Volumes/Work/code/figma-plugin/benchmark/build/benchmark.js","fn":"l","id":"85","ix":"10","pos":"2916","caller":{"file":"/Volumes/Work/code/figma-plugin/benchmark/build/benchmark.js","fn":"ha","id":"85","ix":"-1","pos":"116564","key":"ha /Volumes/Work/code/figma-plugin/benchmark/build/benchmark.js"}}],"t.Parser /Volumes/Work/code/figma-plugin/benchmark/build/benchmark.js":[{"file":"/Volumes/Work/code/figma-plugin/benchmark/build/benchmark.js","fn":"t.Parser","id":"32","ix":"2","pos":"3069","caller":{"file":"/Volumes/Work/code/figma-plugin/benchmark/build/benchmark.js","fn":"parse","id":"32","ix":"-1","pos":"19655","key":"parse /Volumes/Work/code/figma-plugin/benchmark/build/benchmark.js"}},{"file":"/Volumes/Work/code/figma-plugin/benchmark/build/benchmark.js","fn":"t.Parser","id":"39","ix":"7","pos":"3069","caller":{"file":"/Volumes/Work/code/figma-plugin/benchmark/build/benchmark.js","fn":"ha","id":"39","ix":"-1","pos":"116564","key":"ha /Volumes/Work/code/figma-plugin/benchmark/build/benchmark.js"}},{"file":"/Volumes/Work/code/figma-plugin/benchmark/build/benchmark.js","fn":"t.Parser","id":"48","ix":"7","pos":"3069","caller":{"file":"/Volumes/Work/code/figma-plugin/benchmark/build/benchmark.js","fn":"ga","id":"48","ix":"-1","pos":"118591","key":"ga /Volumes/Work/code/figma-plugin/benchmark/build/benchmark.js"}},{"file":"/Volumes/Work/code/figma-plugin/benchmark/build/benchmark.js","fn":"t.Parser","id":"85","ix":"11","pos":"3069","caller":{"file":"/Volumes/Work/code/figma-plugin/benchmark/build/benchmark.js","fn":"ha","id":"85","ix":"-1","pos":"116564","key":"ha /Volumes/Work/code/figma-plugin/benchmark/build/benchmark.js"}}],"t.Tokenizer /Volumes/Work/code/figma-plugin/benchmark/build/benchmark.js":[{"file":"/Volumes/Work/code/figma-plugin/benchmark/build/benchmark.js","fn":"t.Tokenizer","id":"32","ix":"3","pos":"10939","caller":{"file":"/Volumes/Work/code/figma-plugin/benchmark/build/benchmark.js","fn":"parse","id":"32","ix":"-1","pos":"19655","key":"parse /Volumes/Work/code/figma-plugin/benchmark/build/benchmark.js"}},{"file":"/Volumes/Work/code/figma-plugin/benchmark/build/benchmark.js","fn":"t.Tokenizer","id":"39","ix":"8","pos":"10939","caller":{"file":"/Volumes/Work/code/figma-plugin/benchmark/build/benchmark.js","fn":"ha","id":"39","ix":"-1","pos":"116564","key":"ha /Volumes/Work/code/figma-plugin/benchmark/build/benchmark.js"}},{"file":"/Volumes/Work/code/figma-plugin/benchmark/build/benchmark.js","fn":"t.Tokenizer","id":"48","ix":"8","pos":"10939","caller":{"file":"/Volumes/Work/code/figma-plugin/benchmark/build/benchmark.js","fn":"ga","id":"48","ix":"-1","pos":"118591","key":"ga /Volumes/Work/code/figma-plugin/benchmark/build/benchmark.js"}},{"file":"/Volumes/Work/code/figma-plugin/benchmark/build/benchmark.js","fn":"t.Tokenizer","id":"85","ix":"12","pos":"10939","caller":{"file":"/Volumes/Work/code/figma-plugin/benchmark/build/benchmark.js","fn":"ha","id":"85","ix":"-1","pos":"116564","key":"ha /Volumes/Work/code/figma-plugin/benchmark/build/benchmark.js"}}],"ao.parseVariableAssignmentExpression /Volumes/Work/code/figma-plugin/benchmark/build/benchmark.js":[{"file":"/Volumes/Work/code/figma-plugin/benchmark/build/benchmark.js","fn":"ao.parseVariableAssignmentExpression","id":"34","ix":"0","pos":"106370","caller":{"file":"/Volumes/Work/code/figma-plugin/benchmark/build/benchmark.js","fn":"ao.parseExpression","id":"34","ix":"-1","pos":"105648","key":"ao.parseExpression /Volumes/Work/code/figma-plugin/benchmark/build/benchmark.js"}}],"ao.parseUntilEndStatement /Volumes/Work/code/figma-plugin/benchmark/build/benchmark.js":[{"file":"/Volumes/Work/code/figma-plugin/benchmark/build/benchmark.js","fn":"ao.parseUntilEndStatement","id":"34","ix":"1","pos":"105930","caller":{"file":"/Volumes/Work/code/figma-plugin/benchmark/build/benchmark.js","fn":"ao.parseExpression","id":"34","ix":"-1","pos":"105648","key":"ao.parseExpression /Volumes/Work/code/figma-plugin/benchmark/build/benchmark.js"}},{"file":"/Volumes/Work/code/figma-plugin/benchmark/build/benchmark.js","fn":"ao.parseUntilEndStatement","id":"34","ix":"1","pos":"105930","caller":{"file":"/Volumes/Work/code/figma-plugin/benchmark/build/benchmark.js","fn":"ao.parseExpression","id":"34","ix":"-1","pos":"105648","key":"ao.parseExpression /Volumes/Work/code/figma-plugin/benchmark/build/benchmark.js"}}],"ao.accept /Volumes/Work/code/figma-plugin/benchmark/build/benchmark.js":[{"file":"/Volumes/Work/code/figma-plugin/benchmark/build/benchmark.js","fn":"ao.accept","id":"34","ix":"2","pos":"104804","caller":{"file":"/Volumes/Work/code/figma-plugin/benchmark/build/benchmark.js","fn":"ao.parseExpression","id":"34","ix":"-1","pos":"105648","key":"ao.parseExpression /Volumes/Work/code/figma-plugin/benchmark/build/benchmark.js"}},{"file":"/Volumes/Work/code/figma-plugin/benchmark/build/benchmark.js","fn":"ao.accept","id":"34","ix":"2","pos":"104804","caller":{"file":"/Volumes/Work/code/figma-plugin/benchmark/build/benchmark.js","fn":"ao.parseExpression","id":"34","ix":"-1","pos":"105648","key":"ao.parseExpression /Volumes/Work/code/figma-plugin/benchmark/build/benchmark.js"}},{"file":"/Volumes/Work/code/figma-plugin/benchmark/build/benchmark.js","fn":"ao.accept","id":"34","ix":"2","pos":"104804","caller":{"file":"/Volumes/Work/code/figma-plugin/benchmark/build/benchmark.js","fn":"ao.parseExpression","id":"34","ix":"-1","pos":"105648","key":"ao.parseExpression /Volumes/Work/code/figma-plugin/benchmark/build/benchmark.js"}},{"file":"/Volumes/Work/code/figma-plugin/benchmark/build/benchmark.js","fn":"ao.accept","id":"39","ix":"12","pos":"104804","caller":{"file":"/Volumes/Work/code/figma-plugin/benchmark/build/benchmark.js","fn":"ha","id":"39","ix":"-1","pos":"116564","key":"ha /Volumes/Work/code/figma-plugin/benchmark/build/benchmark.js"}},{"file":"/Volumes/Work/code/figma-plugin/benchmark/build/benchmark.js","fn":"ao.accept","id":"43","ix":"0","pos":"104804","caller":{"file":"/Volumes/Work/code/figma-plugin/benchmark/build/benchmark.js","fn":"ao.parsePostfixExpression","id":"43","ix":"-1","pos":"109910","key":"ao.parsePostfixExpression /Volumes/Work/code/figma-plugin/benchmark/build/benchmark.js"}},{"file":"/Volumes/Work/code/figma-plugin/benchmark/build/benchmark.js","fn":"ao.accept","id":"43","ix":"0","pos":"104804","caller":{"file":"/Volumes/Work/code/figma-plugin/benchmark/build/benchmark.js","fn":"ao.parsePostfixExpression","id":"43","ix":"-1","pos":"109910","key":"ao.parsePostfixExpression /Volumes/Work/code/figma-plugin/benchmark/build/benchmark.js"}},{"file":"/Volumes/Work/code/figma-plugin/benchmark/build/benchmark.js","fn":"ao.accept","id":"43","ix":"0","pos":"104804","caller":{"file":"/Volumes/Work/code/figma-plugin/benchmark/build/benchmark.js","fn":"ao.parsePostfixExpression","id":"43","ix":"-1","pos":"109910","key":"ao.parsePostfixExpression /Volumes/Work/code/figma-plugin/benchmark/build/benchmark.js"}},{"file":"/Volumes/Work/code/figma-plugin/benchmark/build/benchmark.js","fn":"ao.accept","id":"43","ix":"0","pos":"104804","caller":{"file":"/Volumes/Work/code/figma-plugin/benchmark/build/benchmark.js","fn":"ao.parsePostfixExpression","id":"43","ix":"-1","pos":"109910","key":"ao.parsePostfixExpression /Volumes/Work/code/figma-plugin/benchmark/build/benchmark.js"}},{"file":"/Volumes/Work/code/figma-plugin/benchmark/build/benchmark.js","fn":"ao.accept","id":"43","ix":"0","pos":"104804","caller":{"file":"/Volumes/Work/code/figma-plugin/benchmark/build/benchmark.js","fn":"ao.parsePostfixExpression","id":"43","ix":"-1","pos":"109910","key":"ao.parsePostfixExpression /Volumes/Work/code/figma-plugin/benchmark/build/benchmark.js"}},{"file":"/Volumes/Work/code/figma-plugin/benchmark/build/benchmark.js","fn":"ao.accept","id":"44","ix":"0","pos":"104804","caller":{"file":"/Volumes/Work/code/figma-plugin/benchmark/build/benchmark.js","fn":"ao.parseExponential","id":"44","ix":"-1","pos":"109769","key":"ao.parseExponential /Volumes/Work/code/figma-plugin/benchmark/build/benchmark.js"}},{"file":"/Volumes/Work/code/figma-plugin/benchmark/build/benchmark.js","fn":"ao.accept","id":"44","ix":"0","pos":"104804","caller":{"file":"/Volumes/Work/code/figma-plugin/benchmark/build/benchmark.js","fn":"ao.parseExponential","id":"44","ix":"-1","pos":"109769","key":"ao.parseExponential /Volumes/Work/code/figma-plugin/benchmark/build/benchmark.js"}},{"file":"/Volumes/Work/code/figma-plugin/benchmark/build/benchmark.js","fn":"ao.accept","id":"44","ix":"0","pos":"104804","caller":{"file":"/Volumes/Work/code/figma-plugin/benchmark/build/benchmark.js","fn":"ao.parseExponential","id":"44","ix":"-1","pos":"109769","key":"ao.parseExponential /Volumes/Work/code/figma-plugin/benchmark/build/benchmark.js"}},{"file":"/Volumes/Work/code/figma-plugin/benchmark/build/benchmark.js","fn":"ao.accept","id":"44","ix":"0","pos":"104804","caller":{"file":"/Volumes/Work/code/figma-plugin/benchmark/build/benchmark.js","fn":"ao.parseExponential","id":"44","ix":"-1","pos":"109769","key":"ao.parseExponential /Volumes/Work/code/figma-plugin/benchmark/build/benchmark.js"}},{"file":"/Volumes/Work/code/figma-plugin/benchmark/build/benchmark.js","fn":"ao.accept","id":"44","ix":"0","pos":"104804","caller":{"file":"/Volumes/Work/code/figma-plugin/benchmark/build/benchmark.js","fn":"ao.parseExponential","id":"44","ix":"-1","pos":"109769","key":"ao.parseExponential /Volumes/Work/code/figma-plugin/benchmark/build/benchmark.js"}},{"file":"/Volumes/Work/code/figma-plugin/benchmark/build/benchmark.js","fn":"ao.accept","id":"44","ix":"0","pos":"104804","caller":{"file":"/Volumes/Work/code/figma-plugin/benchmark/build/benchmark.js","fn":"ao.parseExponential","id":"44","ix":"-1","pos":"109769","key":"ao.parseExponential /Volumes/Work/code/figma-plugin/benchmark/build/benchmark.js"}},{"file":"/Volumes/Work/code/figma-plugin/benchmark/build/benchmark.js","fn":"ao.accept","id":"46","ix":"0","pos":"104804","caller":{"file":"/Volumes/Work/code/figma-plugin/benchmark/build/benchmark.js","fn":"ao.parseAddSub","id":"46","ix":"-1","pos":"107807","key":"ao.parseAddSub /Volumes/Work/code/figma-plugin/benchmark/build/benchmark.js"}},{"file":"/Volumes/Work/code/figma-plugin/benchmark/build/benchmark.js","fn":"ao.accept","id":"46","ix":"0","pos":"104804","caller":{"file":"/Volumes/Work/code/figma-plugin/benchmark/build/benchmark.js","fn":"ao.parseAddSub","id":"46","ix":"-1","pos":"107807","key":"ao.parseAddSub /Volumes/Work/code/figma-plugin/benchmark/build/benchmark.js"}},{"file":"/Volumes/Work/code/figma-plugin/benchmark/build/benchmark.js","fn":"ao.accept","id":"46","ix":"0","pos":"104804","caller":{"file":"/Volumes/Work/code/figma-plugin/benchmark/build/benchmark.js","fn":"ao.parseAddSub","id":"46","ix":"-1","pos":"107807","key":"ao.parseAddSub /Volumes/Work/code/figma-plugin/benchmark/build/benchmark.js"}},{"file":"/Volumes/Work/code/figma-plugin/benchmark/build/benchmark.js","fn":"ao.accept","id":"46","ix":"0","pos":"104804","caller":{"file":"/Volumes/Work/code/figma-plugin/benchmark/build/benchmark.js","fn":"ao.parseAddSub","id":"46","ix":"-1","pos":"107807","key":"ao.parseAddSub /Volumes/Work/code/figma-plugin/benchmark/build/benchmark.js"}},{"file":"/Volumes/Work/code/figma-plugin/benchmark/build/benchmark.js","fn":"ao.accept","id":"46","ix":"0","pos":"104804","caller":{"file":"/Volumes/Work/code/figma-plugin/benchmark/build/benchmark.js","fn":"ao.parseAddSub","id":"46","ix":"-1","pos":"107807","key":"ao.parseAddSub /Volumes/Work/code/figma-plugin/benchmark/build/benchmark.js"}},{"file":"/Volumes/Work/code/figma-plugin/benchmark/build/benchmark.js","fn":"ao.accept","id":"45","ix":"0","pos":"104804","caller":{"file":"/Volumes/Work/code/figma-plugin/benchmark/build/benchmark.js","fn":"ao.parseComparison","id":"45","ix":"-1","pos":"107642","key":"ao.parseComparison /Volumes/Work/code/figma-plugin/benchmark/build/benchmark.js"}},{"file":"/Volumes/Work/code/figma-plugin/benchmark/build/benchmark.js","fn":"ao.accept","id":"45","ix":"0","pos":"104804","caller":{"file":"/Volumes/Work/code/figma-plugin/benchmark/build/benchmark.js","fn":"ao.parseComparison","id":"45","ix":"-1","pos":"107642","key":"ao.parseComparison /Volumes/Work/code/figma-plugin/benchmark/build/benchmark.js"}},{"file":"/Volumes/Work/code/figma-plugin/benchmark/build/benchmark.js","fn":"ao.accept","id":"45","ix":"0","pos":"104804","caller":{"file":"/Volumes/Work/code/figma-plugin/benchmark/build/benchmark.js","fn":"ao.parseComparison","id":"45","ix":"-1","pos":"107642","key":"ao.parseComparison /Volumes/Work/code/figma-plugin/benchmark/build/benchmark.js"}},{"file":"/Volumes/Work/code/figma-plugin/benchmark/build/benchmark.js","fn":"ao.accept","id":"45","ix":"0","pos":"104804","caller":{"file":"/Volumes/Work/code/figma-plugin/benchmark/build/benchmark.js","fn":"ao.parseComparison","id":"45","ix":"-1","pos":"107642","key":"ao.parseComparison /Volumes/Work/code/figma-plugin/benchmark/build/benchmark.js"}},{"file":"/Volumes/Work/code/figma-plugin/benchmark/build/benchmark.js","fn":"ao.accept","id":"45","ix":"0","pos":"104804","caller":{"file":"/Volumes/Work/code/figma-plugin/benchmark/build/benchmark.js","fn":"ao.parseComparison","id":"45","ix":"-1","pos":"107642","key":"ao.parseComparison /Volumes/Work/code/figma-plugin/benchmark/build/benchmark.js"}},{"file":"/Volumes/Work/code/figma-plugin/benchmark/build/benchmark.js","fn":"ao.accept","id":"47","ix":"0","pos":"104804","caller":{"file":"/Volumes/Work/code/figma-plugin/benchmark/build/benchmark.js","fn":"ao.parseTerm","id":"47","ix":"-1","pos":"109058","key":"ao.parseTerm /Volumes/Work/code/figma-plugin/benchmark/build/benchmark.js"}},{"file":"/Volumes/Work/code/figma-plugin/benchmark/build/benchmark.js","fn":"ao.accept","id":"47","ix":"0","pos":"104804","caller":{"file":"/Volumes/Work/code/figma-plugin/benchmark/build/benchmark.js","fn":"ao.parseTerm","id":"47","ix":"-1","pos":"109058","key":"ao.parseTerm /Volumes/Work/code/figma-plugin/benchmark/build/benchmark.js"}},{"file":"/Volumes/Work/code/figma-plugin/benchmark/build/benchmark.js","fn":"ao.accept","id":"47","ix":"0","pos":"104804","caller":{"file":"/Volumes/Work/code/figma-plugin/benchmark/build/benchmark.js","fn":"ao.parseTerm","id":"47","ix":"-1","pos":"109058","key":"ao.parseTerm /Volumes/Work/code/figma-plugin/benchmark/build/benchmark.js"}},{"file":"/Volumes/Work/code/figma-plugin/benchmark/build/benchmark.js","fn":"ao.accept","id":"47","ix":"0","pos":"104804","caller":{"file":"/Volumes/Work/code/figma-plugin/benchmark/build/benchmark.js","fn":"ao.parseTerm","id":"47","ix":"-1","pos":"109058","key":"ao.parseTerm /Volumes/Work/code/figma-plugin/benchmark/build/benchmark.js"}},{"file":"/Volumes/Work/code/figma-plugin/benchmark/build/benchmark.js","fn":"ao.accept","id":"58","ix":"1","pos":"104804","caller":{"file":"/Volumes/Work/code/figma-plugin/benchmark/build/benchmark.js","fn":"ao.parseAtom","id":"58","ix":"-1","pos":"105098","key":"ao.parseAtom /Volumes/Work/code/figma-plugin/benchmark/build/benchmark.js"}},{"file":"/Volumes/Work/code/figma-plugin/benchmark/build/benchmark.js","fn":"ao.accept","id":"58","ix":"1","pos":"104804","caller":{"file":"/Volumes/Work/code/figma-plugin/benchmark/build/benchmark.js","fn":"ao.parseAtom","id":"58","ix":"-1","pos":"105098","key":"ao.parseAtom /Volumes/Work/code/figma-plugin/benchmark/build/benchmark.js"}},{"file":"/Volumes/Work/code/figma-plugin/benchmark/build/benchmark.js","fn":"ao.accept","id":"58","ix":"1","pos":"104804","caller":{"file":"/Volumes/Work/code/figma-plugin/benchmark/build/benchmark.js","fn":"ao.parseAtom","id":"58","ix":"-1","pos":"105098","key":"ao.parseAtom /Volumes/Work/code/figma-plugin/benchmark/build/benchmark.js"}},{"file":"/Volumes/Work/code/figma-plugin/benchmark/build/benchmark.js","fn":"ao.accept","id":"65","ix":"0","pos":"104804","caller":{"file":"/Volumes/Work/code/figma-plugin/benchmark/build/benchmark.js","fn":"ao.parseFunctionCall","id":"65","ix":"-1","pos":"110021","key":"ao.parseFunctionCall /Volumes/Work/code/figma-plugin/benchmark/build/benchmark.js"}},{"file":"/Volumes/Work/code/figma-plugin/benchmark/build/benchmark.js","fn":"ao.accept","id":"65","ix":"0","pos":"104804","caller":{"file":"/Volumes/Work/code/figma-plugin/benchmark/build/benchmark.js","fn":"ao.parseFunctionCall","id":"65","ix":"-1","pos":"110021","key":"ao.parseFunctionCall /Volumes/Work/code/figma-plugin/benchmark/build/benchmark.js"}},{"file":"/Volumes/Work/code/figma-plugin/benchmark/build/benchmark.js","fn":"ao.accept","id":"65","ix":"0","pos":"104804","caller":{"file":"/Volumes/Work/code/figma-plugin/benchmark/build/benchmark.js","fn":"ao.parseFunctionCall","id":"65","ix":"-1","pos":"110021","key":"ao.parseFunctionCall /Volumes/Work/code/figma-plugin/benchmark/build/benchmark.js"}},{"file":"/Volumes/Work/code/figma-plugin/benchmark/build/benchmark.js","fn":"ao.accept","id":"65","ix":"0","pos":"104804","caller":{"file":"/Volumes/Work/code/figma-plugin/benchmark/build/benchmark.js","fn":"ao.parseFunctionCall","id":"65","ix":"-1","pos":"110021","key":"ao.parseFunctionCall /Volumes/Work/code/figma-plugin/benchmark/build/benchmark.js"}},{"file":"/Volumes/Work/code/figma-plugin/benchmark/build/benchmark.js","fn":"ao.accept","id":"79","ix":"3","pos":"104804","caller":{"file":"/Volumes/Work/code/figma-plugin/benchmark/build/benchmark.js","fn":"oa.parse","id":"79","ix":"-1","pos":"114918","key":"oa.parse /Volumes/Work/code/figma-plugin/benchmark/build/benchmark.js"}},{"file":"/Volumes/Work/code/figma-plugin/benchmark/build/benchmark.js","fn":"ao.accept","id":"82","ix":"0","pos":"104804","caller":{"file":"/Volumes/Work/code/figma-plugin/benchmark/build/benchmark.js","fn":"ao.parseAndExpression","id":"82","ix":"-1","pos":"107433","key":"ao.parseAndExpression /Volumes/Work/code/figma-plugin/benchmark/build/benchmark.js"}},{"file":"/Volumes/Work/code/figma-plugin/benchmark/build/benchmark.js","fn":"ao.accept","id":"81","ix":"0","pos":"104804","caller":{"file":"/Volumes/Work/code/figma-plugin/benchmark/build/benchmark.js","fn":"ao.parseOrExpression","id":"81","ix":"-1","pos":"107259","key":"ao.parseOrExpression /Volumes/Work/code/figma-plugin/benchmark/build/benchmark.js"}},{"file":"/Volumes/Work/code/figma-plugin/benchmark/build/benchmark.js","fn":"ao.accept","id":"81","ix":"0","pos":"104804","caller":{"file":"/Volumes/Work/code/figma-plugin/benchmark/build/benchmark.js","fn":"ao.parseOrExpression","id":"81","ix":"-1","pos":"107259","key":"ao.parseOrExpression /Volumes/Work/code/figma-plugin/benchmark/build/benchmark.js"}},{"file":"/Volumes/Work/code/figma-plugin/benchmark/build/benchmark.js","fn":"ao.accept","id":"84","ix":"0","pos":"104804","caller":{"file":"/Volumes/Work/code/figma-plugin/benchmark/build/benchmark.js","fn":"ao.parseConditionalExpression","id":"84","ix":"-1","pos":"107000","key":"ao.parseConditionalExpression /Volumes/Work/code/figma-plugin/benchmark/build/benchmark.js"}},{"file":"/Volumes/Work/code/figma-plugin/benchmark/build/benchmark.js","fn":"ao.accept","id":"84","ix":"0","pos":"104804","caller":{"file":"/Volumes/Work/code/figma-plugin/benchmark/build/benchmark.js","fn":"ao.parseConditionalExpression","id":"84","ix":"-1","pos":"107000","key":"ao.parseConditionalExpression /Volumes/Work/code/figma-plugin/benchmark/build/benchmark.js"}},{"file":"/Volumes/Work/code/figma-plugin/benchmark/build/benchmark.js","fn":"ao.accept","id":"84","ix":"0","pos":"104804","caller":{"file":"/Volumes/Work/code/figma-plugin/benchmark/build/benchmark.js","fn":"ao.parseConditionalExpression","id":"84","ix":"-1","pos":"107000","key":"ao.parseConditionalExpression /Volumes/Work/code/figma-plugin/benchmark/build/benchmark.js"}},{"file":"/Volumes/Work/code/figma-plugin/benchmark/build/benchmark.js","fn":"ao.accept","id":"85","ix":"8","pos":"104804","caller":{"file":"/Volumes/Work/code/figma-plugin/benchmark/build/benchmark.js","fn":"ha","id":"85","ix":"-1","pos":"116564","key":"ha /Volumes/Work/code/figma-plugin/benchmark/build/benchmark.js"}}],"ao.pushExpression /Volumes/Work/code/figma-plugin/benchmark/build/benchmark.js":[{"file":"/Volumes/Work/code/figma-plugin/benchmark/build/benchmark.js","fn":"ao.pushExpression","id":"34","ix":"3","pos":"105835","caller":{"file":"/Volumes/Work/code/figma-plugin/benchmark/build/benchmark.js","fn":"ao.parseExpression","id":"34","ix":"-1","pos":"105648","key":"ao.parseExpression /Volumes/Work/code/figma-plugin/benchmark/build/benchmark.js"}}],"no.isOperatorEnabled /Volumes/Work/code/figma-plugin/benchmark/build/benchmark.js":[{"file":"/Volumes/Work/code/figma-plugin/benchmark/build/benchmark.js","fn":"no.isOperatorEnabled","id":"40","ix":"0","pos":"103980","caller":{"file":"/Volumes/Work/code/figma-plugin/benchmark/build/benchmark.js","fn":"no.isNamedOp","id":"40","ix":"-1","pos":"99885","key":"no.isNamedOp /Volumes/Work/code/figma-plugin/benchmark/build/benchmark.js"}}],"oa.isOperatorEnabled /Volumes/Work/code/figma-plugin/benchmark/build/benchmark.js":[{"file":"/Volumes/Work/code/figma-plugin/benchmark/build/benchmark.js","fn":"oa.isOperatorEnabled","id":"40","ix":"1","pos":"115648","caller":{"file":"/Volumes/Work/code/figma-plugin/benchmark/build/benchmark.js","fn":"no.isNamedOp","id":"40","ix":"-1","pos":"99885","key":"no.isNamedOp /Volumes/Work/code/figma-plugin/benchmark/build/benchmark.js"}}],"t.reduce /Volumes/Work/code/figma-plugin/benchmark/build/benchmark.js":[{"file":"/Volumes/Work/code/figma-plugin/benchmark/build/benchmark.js","fn":"t.reduce","id":"39","ix":"0","pos":"7448","caller":{"file":"/Volumes/Work/code/figma-plugin/benchmark/build/benchmark.js","fn":"ha","id":"39","ix":"-1","pos":"116564","key":"ha /Volumes/Work/code/figma-plugin/benchmark/build/benchmark.js"}},{"file":"/Volumes/Work/code/figma-plugin/benchmark/build/benchmark.js","fn":"t.reduce","id":"48","ix":"1","pos":"7448","caller":{"file":"/Volumes/Work/code/figma-plugin/benchmark/build/benchmark.js","fn":"ga","id":"48","ix":"-1","pos":"118591","key":"ga /Volumes/Work/code/figma-plugin/benchmark/build/benchmark.js"}},{"file":"/Volumes/Work/code/figma-plugin/benchmark/build/benchmark.js","fn":"t.reduce","id":"75","ix":"6","pos":"7448","caller":{"file":"/Volumes/Work/code/figma-plugin/benchmark/build/benchmark.js","fn":"ba","id":"75","ix":"-1","pos":"118748","key":"ba /Volumes/Work/code/figma-plugin/benchmark/build/benchmark.js"}},{"file":"/Volumes/Work/code/figma-plugin/benchmark/build/benchmark.js","fn":"t.reduce","id":"85","ix":"0","pos":"7448","caller":{"file":"/Volumes/Work/code/figma-plugin/benchmark/build/benchmark.js","fn":"ha","id":"85","ix":"-1","pos":"116564","key":"ha /Volumes/Work/code/figma-plugin/benchmark/build/benchmark.js"}}],"oa.evaluate /Volumes/Work/code/figma-plugin/benchmark/build/benchmark.js":[{"file":"/Volumes/Work/code/figma-plugin/benchmark/build/benchmark.js","fn":"oa.evaluate","id":"39","ix":"1","pos":"115105","caller":{"file":"/Volumes/Work/code/figma-plugin/benchmark/build/benchmark.js","fn":"ha","id":"39","ix":"-1","pos":"116564","key":"ha /Volumes/Work/code/figma-plugin/benchmark/build/benchmark.js"}},{"file":"/Volumes/Work/code/figma-plugin/benchmark/build/benchmark.js","fn":"oa.evaluate","id":"48","ix":"2","pos":"115105","caller":{"file":"/Volumes/Work/code/figma-plugin/benchmark/build/benchmark.js","fn":"ga","id":"48","ix":"-1","pos":"118591","key":"ga /Volumes/Work/code/figma-plugin/benchmark/build/benchmark.js"}},{"file":"/Volumes/Work/code/figma-plugin/benchmark/build/benchmark.js","fn":"oa.evaluate","id":"75","ix":"7","pos":"115105","caller":{"file":"/Volumes/Work/code/figma-plugin/benchmark/build/benchmark.js","fn":"ba","id":"75","ix":"-1","pos":"118748","key":"ba /Volumes/Work/code/figma-plugin/benchmark/build/benchmark.js"}},{"file":"/Volumes/Work/code/figma-plugin/benchmark/build/benchmark.js","fn":"oa.evaluate","id":"85","ix":"1","pos":"115105","caller":{"file":"/Volumes/Work/code/figma-plugin/benchmark/build/benchmark.js","fn":"ha","id":"85","ix":"-1","pos":"116564","key":"ha /Volumes/Work/code/figma-plugin/benchmark/build/benchmark.js"}}],"qn.evaluate /Volumes/Work/code/figma-plugin/benchmark/build/benchmark.js":[{"file":"/Volumes/Work/code/figma-plugin/benchmark/build/benchmark.js","fn":"qn.evaluate","id":"39","ix":"2","pos":"96774","caller":{"file":"/Volumes/Work/code/figma-plugin/benchmark/build/benchmark.js","fn":"ha","id":"39","ix":"-1","pos":"116564","key":"ha /Volumes/Work/code/figma-plugin/benchmark/build/benchmark.js"}},{"file":"/Volumes/Work/code/figma-plugin/benchmark/build/benchmark.js","fn":"qn.evaluate","id":"48","ix":"3","pos":"96774","caller":{"file":"/Volumes/Work/code/figma-plugin/benchmark/build/benchmark.js","fn":"ga","id":"48","ix":"-1","pos":"118591","key":"ga /Volumes/Work/code/figma-plugin/benchmark/build/benchmark.js"}},{"file":"/Volumes/Work/code/figma-plugin/benchmark/build/benchmark.js","fn":"qn.evaluate","id":"75","ix":"8","pos":"96774","caller":{"file":"/Volumes/Work/code/figma-plugin/benchmark/build/benchmark.js","fn":"ba","id":"75","ix":"-1","pos":"118748","key":"ba /Volumes/Work/code/figma-plugin/benchmark/build/benchmark.js"}},{"file":"/Volumes/Work/code/figma-plugin/benchmark/build/benchmark.js","fn":"qn.evaluate","id":"85","ix":"2","pos":"96774","caller":{"file":"/Volumes/Work/code/figma-plugin/benchmark/build/benchmark.js","fn":"ha","id":"85","ix":"-1","pos":"116564","key":"ha /Volumes/Work/code/figma-plugin/benchmark/build/benchmark.js"}}],"oa.parse /Volumes/Work/code/figma-plugin/benchmark/build/benchmark.js":[{"file":"/Volumes/Work/code/figma-plugin/benchmark/build/benchmark.js","fn":"oa.parse","id":"39","ix":"4","pos":"114918","caller":{"file":"/Volumes/Work/code/figma-plugin/benchmark/build/benchmark.js","fn":"ha","id":"39","ix":"-1","pos":"116564","key":"ha /Volumes/Work/code/figma-plugin/benchmark/build/benchmark.js"}},{"file":"/Volumes/Work/code/figma-plugin/benchmark/build/benchmark.js","fn":"oa.parse","id":"48","ix":"9","pos":"114918","caller":{"file":"/Volumes/Work/code/figma-plugin/benchmark/build/benchmark.js","fn":"ga","id":"48","ix":"-1","pos":"118591","key":"ga /Volumes/Work/code/figma-plugin/benchmark/build/benchmark.js"}},{"file":"/Volumes/Work/code/figma-plugin/benchmark/build/benchmark.js","fn":"oa.parse","id":"85","ix":"4","pos":"114918","caller":{"file":"/Volumes/Work/code/figma-plugin/benchmark/build/benchmark.js","fn":"ha","id":"85","ix":"-1","pos":"116564","key":"ha /Volumes/Work/code/figma-plugin/benchmark/build/benchmark.js"}}],"ao.expect /Volumes/Work/code/figma-plugin/benchmark/build/benchmark.js":[{"file":"/Volumes/Work/code/figma-plugin/benchmark/build/benchmark.js","fn":"ao.expect","id":"39","ix":"9","pos":"104927","caller":{"file":"/Volumes/Work/code/figma-plugin/benchmark/build/benchmark.js","fn":"ha","id":"39","ix":"-1","pos":"116564","key":"ha /Volumes/Work/code/figma-plugin/benchmark/build/benchmark.js"}},{"file":"/Volumes/Work/code/figma-plugin/benchmark/build/benchmark.js","fn":"ao.expect","id":"48","ix":"10","pos":"104927","caller":{"file":"/Volumes/Work/code/figma-plugin/benchmark/build/benchmark.js","fn":"ga","id":"48","ix":"-1","pos":"118591","key":"ga /Volumes/Work/code/figma-plugin/benchmark/build/benchmark.js"}},{"file":"/Volumes/Work/code/figma-plugin/benchmark/build/benchmark.js","fn":"ao.expect","id":"79","ix":"0","pos":"104927","caller":{"file":"/Volumes/Work/code/figma-plugin/benchmark/build/benchmark.js","fn":"oa.parse","id":"79","ix":"-1","pos":"114918","key":"oa.parse /Volumes/Work/code/figma-plugin/benchmark/build/benchmark.js"}},{"file":"/Volumes/Work/code/figma-plugin/benchmark/build/benchmark.js","fn":"ao.expect","id":"85","ix":"5","pos":"104927","caller":{"file":"/Volumes/Work/code/figma-plugin/benchmark/build/benchmark.js","fn":"ha","id":"85","ix":"-1","pos":"116564","key":"ha /Volumes/Work/code/figma-plugin/benchmark/build/benchmark.js"}}],"ao /Volumes/Work/code/figma-plugin/benchmark/build/benchmark.js":[{"file":"/Volumes/Work/code/figma-plugin/benchmark/build/benchmark.js","fn":"ao","id":"39","ix":"10","pos":"100924","caller":{"file":"/Volumes/Work/code/figma-plugin/benchmark/build/benchmark.js","fn":"ha","id":"39","ix":"-1","pos":"116564","key":"ha /Volumes/Work/code/figma-plugin/benchmark/build/benchmark.js"}},{"file":"/Volumes/Work/code/figma-plugin/benchmark/build/benchmark.js","fn":"ao","id":"79","ix":"1","pos":"100924","caller":{"file":"/Volumes/Work/code/figma-plugin/benchmark/build/benchmark.js","fn":"oa.parse","id":"79","ix":"-1","pos":"114918","key":"oa.parse /Volumes/Work/code/figma-plugin/benchmark/build/benchmark.js"}},{"file":"/Volumes/Work/code/figma-plugin/benchmark/build/benchmark.js","fn":"ao","id":"85","ix":"6","pos":"100924","caller":{"file":"/Volumes/Work/code/figma-plugin/benchmark/build/benchmark.js","fn":"ha","id":"85","ix":"-1","pos":"116564","key":"ha /Volumes/Work/code/figma-plugin/benchmark/build/benchmark.js"}}],"no /Volumes/Work/code/figma-plugin/benchmark/build/benchmark.js":[{"file":"/Volumes/Work/code/figma-plugin/benchmark/build/benchmark.js","fn":"no","id":"39","ix":"11","pos":"97534","caller":{"file":"/Volumes/Work/code/figma-plugin/benchmark/build/benchmark.js","fn":"ha","id":"39","ix":"-1","pos":"116564","key":"ha /Volumes/Work/code/figma-plugin/benchmark/build/benchmark.js"}},{"file":"/Volumes/Work/code/figma-plugin/benchmark/build/benchmark.js","fn":"no","id":"79","ix":"2","pos":"97534","caller":{"file":"/Volumes/Work/code/figma-plugin/benchmark/build/benchmark.js","fn":"oa.parse","id":"79","ix":"-1","pos":"114918","key":"oa.parse /Volumes/Work/code/figma-plugin/benchmark/build/benchmark.js"}},{"file":"/Volumes/Work/code/figma-plugin/benchmark/build/benchmark.js","fn":"no","id":"85","ix":"7","pos":"97534","caller":{"file":"/Volumes/Work/code/figma-plugin/benchmark/build/benchmark.js","fn":"ha","id":"85","ix":"-1","pos":"116564","key":"ha /Volumes/Work/code/figma-plugin/benchmark/build/benchmark.js"}}],"qn /Volumes/Work/code/figma-plugin/benchmark/build/benchmark.js":[{"file":"/Volumes/Work/code/figma-plugin/benchmark/build/benchmark.js","fn":"qn","id":"39","ix":"13","pos":"96042","caller":{"file":"/Volumes/Work/code/figma-plugin/benchmark/build/benchmark.js","fn":"ha","id":"39","ix":"-1","pos":"116564","key":"ha /Volumes/Work/code/figma-plugin/benchmark/build/benchmark.js"}},{"file":"/Volumes/Work/code/figma-plugin/benchmark/build/benchmark.js","fn":"qn","id":"79","ix":"4","pos":"96042","caller":{"file":"/Volumes/Work/code/figma-plugin/benchmark/build/benchmark.js","fn":"oa.parse","id":"79","ix":"-1","pos":"114918","key":"oa.parse /Volumes/Work/code/figma-plugin/benchmark/build/benchmark.js"}},{"file":"/Volumes/Work/code/figma-plugin/benchmark/build/benchmark.js","fn":"qn","id":"85","ix":"13","pos":"96042","caller":{"file":"/Volumes/Work/code/figma-plugin/benchmark/build/benchmark.js","fn":"ha","id":"85","ix":"-1","pos":"116564","key":"ha /Volumes/Work/code/figma-plugin/benchmark/build/benchmark.js"}}],"no.save /Volumes/Work/code/figma-plugin/benchmark/build/benchmark.js":[{"file":"/Volumes/Work/code/figma-plugin/benchmark/build/benchmark.js","fn":"no.save","id":"41","ix":"0","pos":"97940","caller":{"file":"/Volumes/Work/code/figma-plugin/benchmark/build/benchmark.js","fn":"ao.save","id":"41","ix":"-1","pos":"104566","key":"ao.save /Volumes/Work/code/figma-plugin/benchmark/build/benchmark.js"}},{"file":"/Volumes/Work/code/figma-plugin/benchmark/build/benchmark.js","fn":"no.save","id":"46","ix":"5","pos":"97940","caller":{"file":"/Volumes/Work/code/figma-plugin/benchmark/build/benchmark.js","fn":"ao.parseAddSub","id":"46","ix":"-1","pos":"107807","key":"ao.parseAddSub /Volumes/Work/code/figma-plugin/benchmark/build/benchmark.js"}},{"file":"/Volumes/Work/code/figma-plugin/benchmark/build/benchmark.js","fn":"no.save","id":"45","ix":"6","pos":"97940","caller":{"file":"/Volumes/Work/code/figma-plugin/benchmark/build/benchmark.js","fn":"ao.parseComparison","id":"45","ix":"-1","pos":"107642","key":"ao.parseComparison /Volumes/Work/code/figma-plugin/benchmark/build/benchmark.js"}},{"file":"/Volumes/Work/code/figma-plugin/benchmark/build/benchmark.js","fn":"no.save","id":"47","ix":"4","pos":"97940","caller":{"file":"/Volumes/Work/code/figma-plugin/benchmark/build/benchmark.js","fn":"ao.parseTerm","id":"47","ix":"-1","pos":"109058","key":"ao.parseTerm /Volumes/Work/code/figma-plugin/benchmark/build/benchmark.js"}}],"ao.parseFunctionCall /Volumes/Work/code/figma-plugin/benchmark/build/benchmark.js":[{"file":"/Volumes/Work/code/figma-plugin/benchmark/build/benchmark.js","fn":"ao.parseFunctionCall","id":"43","ix":"1","pos":"110021","caller":{"file":"/Volumes/Work/code/figma-plugin/benchmark/build/benchmark.js","fn":"ao.parsePostfixExpression","id":"43","ix":"-1","pos":"109910","key":"ao.parsePostfixExpression /Volumes/Work/code/figma-plugin/benchmark/build/benchmark.js"}},{"file":"/Volumes/Work/code/figma-plugin/benchmark/build/benchmark.js","fn":"ao.parseFunctionCall","id":"44","ix":"2","pos":"110021","caller":{"file":"/Volumes/Work/code/figma-plugin/benchmark/build/benchmark.js","fn":"ao.parseExponential","id":"44","ix":"-1","pos":"109769","key":"ao.parseExponential /Volumes/Work/code/figma-plugin/benchmark/build/benchmark.js"}}],"ao.parseMemberExpression /Volumes/Work/code/figma-plugin/benchmark/build/benchmark.js":[{"file":"/Volumes/Work/code/figma-plugin/benchmark/build/benchmark.js","fn":"ao.parseMemberExpression","id":"43","ix":"2","pos":"110535","caller":{"file":"/Volumes/Work/code/figma-plugin/benchmark/build/benchmark.js","fn":"ao.parsePostfixExpression","id":"43","ix":"-1","pos":"109910","key":"ao.parsePostfixExpression /Volumes/Work/code/figma-plugin/benchmark/build/benchmark.js"}},{"file":"/Volumes/Work/code/figma-plugin/benchmark/build/benchmark.js","fn":"ao.parseMemberExpression","id":"44","ix":"3","pos":"110535","caller":{"file":"/Volumes/Work/code/figma-plugin/benchmark/build/benchmark.js","fn":"ao.parseExponential","id":"44","ix":"-1","pos":"109769","key":"ao.parseExponential /Volumes/Work/code/figma-plugin/benchmark/build/benchmark.js"}},{"file":"/Volumes/Work/code/figma-plugin/benchmark/build/benchmark.js","fn":"ao.parseMemberExpression","id":"65","ix":"1","pos":"110535","caller":{"file":"/Volumes/Work/code/figma-plugin/benchmark/build/benchmark.js","fn":"ao.parseFunctionCall","id":"65","ix":"-1","pos":"110021","key":"ao.parseFunctionCall /Volumes/Work/code/figma-plugin/benchmark/build/benchmark.js"}}],"ao.parsePostfixExpression /Volumes/Work/code/figma-plugin/benchmark/build/benchmark.js":[{"file":"/Volumes/Work/code/figma-plugin/benchmark/build/benchmark.js","fn":"ao.parsePostfixExpression","id":"44","ix":"1","pos":"109910","caller":{"file":"/Volumes/Work/code/figma-plugin/benchmark/build/benchmark.js","fn":"ao.parseExponential","id":"44","ix":"-1","pos":"109769","key":"ao.parseExponential /Volumes/Work/code/figma-plugin/benchmark/build/benchmark.js"}},{"file":"/Volumes/Work/code/figma-plugin/benchmark/build/benchmark.js","fn":"ao.parsePostfixExpression","id":"46","ix":"6","pos":"109910","caller":{"file":"/Volumes/Work/code/figma-plugin/benchmark/build/benchmark.js","fn":"ao.parseAddSub","id":"46","ix":"-1","pos":"107807","key":"ao.parseAddSub /Volumes/Work/code/figma-plugin/benchmark/build/benchmark.js"}},{"file":"/Volumes/Work/code/figma-plugin/benchmark/build/benchmark.js","fn":"ao.parsePostfixExpression","id":"45","ix":"7","pos":"109910","caller":{"file":"/Volumes/Work/code/figma-plugin/benchmark/build/benchmark.js","fn":"ao.parseComparison","id":"45","ix":"-1","pos":"107642","key":"ao.parseComparison /Volumes/Work/code/figma-plugin/benchmark/build/benchmark.js"}},{"file":"/Volumes/Work/code/figma-plugin/benchmark/build/benchmark.js","fn":"ao.parsePostfixExpression","id":"47","ix":"5","pos":"109910","caller":{"file":"/Volumes/Work/code/figma-plugin/benchmark/build/benchmark.js","fn":"ao.parseTerm","id":"47","ix":"-1","pos":"109058","key":"ao.parseTerm /Volumes/Work/code/figma-plugin/benchmark/build/benchmark.js"}}],"ao.parseTerm /Volumes/Work/code/figma-plugin/benchmark/build/benchmark.js":[{"file":"/Volumes/Work/code/figma-plugin/benchmark/build/benchmark.js","fn":"ao.parseTerm","id":"46","ix":"1","pos":"109058","caller":{"file":"/Volumes/Work/code/figma-plugin/benchmark/build/benchmark.js","fn":"ao.parseAddSub","id":"46","ix":"-1","pos":"107807","key":"ao.parseAddSub /Volumes/Work/code/figma-plugin/benchmark/build/benchmark.js"}},{"file":"/Volumes/Work/code/figma-plugin/benchmark/build/benchmark.js","fn":"ao.parseTerm","id":"45","ix":"2","pos":"109058","caller":{"file":"/Volumes/Work/code/figma-plugin/benchmark/build/benchmark.js","fn":"ao.parseComparison","id":"45","ix":"-1","pos":"107642","key":"ao.parseComparison /Volumes/Work/code/figma-plugin/benchmark/build/benchmark.js"}}],"ao.parseFactor /Volumes/Work/code/figma-plugin/benchmark/build/benchmark.js":[{"file":"/Volumes/Work/code/figma-plugin/benchmark/build/benchmark.js","fn":"ao.parseFactor","id":"46","ix":"2","pos":"109201","caller":{"file":"/Volumes/Work/code/figma-plugin/benchmark/build/benchmark.js","fn":"ao.parseAddSub","id":"46","ix":"-1","pos":"107807","key":"ao.parseAddSub /Volumes/Work/code/figma-plugin/benchmark/build/benchmark.js"}},{"file":"/Volumes/Work/code/figma-plugin/benchmark/build/benchmark.js","fn":"ao.parseFactor","id":"45","ix":"3","pos":"109201","caller":{"file":"/Volumes/Work/code/figma-plugin/benchmark/build/benchmark.js","fn":"ao.parseComparison","id":"45","ix":"-1","pos":"107642","key":"ao.parseComparison /Volumes/Work/code/figma-plugin/benchmark/build/benchmark.js"}},{"file":"/Volumes/Work/code/figma-plugin/benchmark/build/benchmark.js","fn":"ao.parseFactor","id":"47","ix":"1","pos":"109201","caller":{"file":"/Volumes/Work/code/figma-plugin/benchmark/build/benchmark.js","fn":"ao.parseTerm","id":"47","ix":"-1","pos":"109058","key":"ao.parseTerm /Volumes/Work/code/figma-plugin/benchmark/build/benchmark.js"}}],"ao.parseExponential /Volumes/Work/code/figma-plugin/benchmark/build/benchmark.js":[{"file":"/Volumes/Work/code/figma-plugin/benchmark/build/benchmark.js","fn":"ao.parseExponential","id":"46","ix":"3","pos":"109769","caller":{"file":"/Volumes/Work/code/figma-plugin/benchmark/build/benchmark.js","fn":"ao.parseAddSub","id":"46","ix":"-1","pos":"107807","key":"ao.parseAddSub /Volumes/Work/code/figma-plugin/benchmark/build/benchmark.js"}},{"file":"/Volumes/Work/code/figma-plugin/benchmark/build/benchmark.js","fn":"ao.parseExponential","id":"45","ix":"4","pos":"109769","caller":{"file":"/Volumes/Work/code/figma-plugin/benchmark/build/benchmark.js","fn":"ao.parseComparison","id":"45","ix":"-1","pos":"107642","key":"ao.parseComparison /Volumes/Work/code/figma-plugin/benchmark/build/benchmark.js"}},{"file":"/Volumes/Work/code/figma-plugin/benchmark/build/benchmark.js","fn":"ao.parseExponential","id":"47","ix":"2","pos":"109769","caller":{"file":"/Volumes/Work/code/figma-plugin/benchmark/build/benchmark.js","fn":"ao.parseTerm","id":"47","ix":"-1","pos":"109058","key":"ao.parseTerm /Volumes/Work/code/figma-plugin/benchmark/build/benchmark.js"}}],"ao.save /Volumes/Work/code/figma-plugin/benchmark/build/benchmark.js":[{"file":"/Volumes/Work/code/figma-plugin/benchmark/build/benchmark.js","fn":"ao.save","id":"46","ix":"4","pos":"104566","caller":{"file":"/Volumes/Work/code/figma-plugin/benchmark/build/benchmark.js","fn":"ao.parseAddSub","id":"46","ix":"-1","pos":"107807","key":"ao.parseAddSub /Volumes/Work/code/figma-plugin/benchmark/build/benchmark.js"}},{"file":"/Volumes/Work/code/figma-plugin/benchmark/build/benchmark.js","fn":"ao.save","id":"45","ix":"5","pos":"104566","caller":{"file":"/Volumes/Work/code/figma-plugin/benchmark/build/benchmark.js","fn":"ao.parseComparison","id":"45","ix":"-1","pos":"107642","key":"ao.parseComparison /Volumes/Work/code/figma-plugin/benchmark/build/benchmark.js"}},{"file":"/Volumes/Work/code/figma-plugin/benchmark/build/benchmark.js","fn":"ao.save","id":"47","ix":"3","pos":"104566","caller":{"file":"/Volumes/Work/code/figma-plugin/benchmark/build/benchmark.js","fn":"ao.parseTerm","id":"47","ix":"-1","pos":"109058","key":"ao.parseTerm /Volumes/Work/code/figma-plugin/benchmark/build/benchmark.js"}}],"ao.parseAddSub /Volumes/Work/code/figma-plugin/benchmark/build/benchmark.js":[{"file":"/Volumes/Work/code/figma-plugin/benchmark/build/benchmark.js","fn":"ao.parseAddSub","id":"45","ix":"1","pos":"107807","caller":{"file":"/Volumes/Work/code/figma-plugin/benchmark/build/benchmark.js","fn":"ao.parseComparison","id":"45","ix":"-1","pos":"107642","key":"ao.parseComparison /Volumes/Work/code/figma-plugin/benchmark/build/benchmark.js"}}],"ha /Volumes/Work/code/figma-plugin/benchmark/build/benchmark.js":[{"file":"/Volumes/Work/code/figma-plugin/benchmark/build/benchmark.js","fn":"ha","id":"48","ix":"0","pos":"116564","caller":{"file":"/Volumes/Work/code/figma-plugin/benchmark/build/benchmark.js","fn":"ga","id":"48","ix":"-1","pos":"118591","key":"ga /Volumes/Work/code/figma-plugin/benchmark/build/benchmark.js"}},{"file":"/Volumes/Work/code/figma-plugin/benchmark/build/benchmark.js","fn":"ha","id":"75","ix":"5","pos":"116564","caller":{"file":"/Volumes/Work/code/figma-plugin/benchmark/build/benchmark.js","fn":"ba","id":"75","ix":"-1","pos":"118748","key":"ba /Volumes/Work/code/figma-plugin/benchmark/build/benchmark.js"}}],"Pn /Volumes/Work/code/figma-plugin/benchmark/build/benchmark.js":[{"file":"/Volumes/Work/code/figma-plugin/benchmark/build/benchmark.js","fn":"Pn","id":"58","ix":"0","pos":"90590","caller":{"file":"/Volumes/Work/code/figma-plugin/benchmark/build/benchmark.js","fn":"ao.parseAtom","id":"58","ix":"-1","pos":"105098","key":"ao.parseAtom /Volumes/Work/code/figma-plugin/benchmark/build/benchmark.js"}}],"f /Volumes/Work/code/figma-plugin/benchmark/build/benchmark.js":[{"file":"/Volumes/Work/code/figma-plugin/benchmark/build/benchmark.js","fn":"f","id":"64","ix":"1","pos":"25059","caller":{"file":"/Volumes/Work/code/figma-plugin/benchmark/build/benchmark.js","fn":"(anonymous)","id":"64","ix":"-1","pos":"119044","key":"(anonymous) /Volumes/Work/code/figma-plugin/benchmark/build/benchmark.js"}},{"file":"/Volumes/Work/code/figma-plugin/benchmark/build/benchmark.js","fn":"f","id":"75","ix":"0","pos":"25059","caller":{"file":"/Volumes/Work/code/figma-plugin/benchmark/build/benchmark.js","fn":"ba","id":"75","ix":"-1","pos":"118748","key":"ba /Volumes/Work/code/figma-plugin/benchmark/build/benchmark.js"}},{"file":"/Volumes/Work/code/figma-plugin/benchmark/build/benchmark.js","fn":"f","id":"93","ix":"0","pos":"25059","caller":{"file":"/Volumes/Work/code/figma-plugin/benchmark/build/benchmark.js","fn":"ba","id":"93","ix":"-1","pos":"118748","key":"ba /Volumes/Work/code/figma-plugin/benchmark/build/benchmark.js"}}],"ya /Volumes/Work/code/figma-plugin/benchmark/build/benchmark.js":[{"file":"/Volumes/Work/code/figma-plugin/benchmark/build/benchmark.js","fn":"ya","id":"75","ix":"2","pos":"118363","caller":{"file":"/Volumes/Work/code/figma-plugin/benchmark/build/benchmark.js","fn":"ba","id":"75","ix":"-1","pos":"118748","key":"ba /Volumes/Work/code/figma-plugin/benchmark/build/benchmark.js"}},{"file":"/Volumes/Work/code/figma-plugin/benchmark/build/benchmark.js","fn":"ya","id":"93","ix":"2","pos":"118363","caller":{"file":"/Volumes/Work/code/figma-plugin/benchmark/build/benchmark.js","fn":"ba","id":"93","ix":"-1","pos":"118748","key":"ba /Volumes/Work/code/figma-plugin/benchmark/build/benchmark.js"}}],"fn /Volumes/Work/code/figma-plugin/benchmark/build/benchmark.js":[{"file":"/Volumes/Work/code/figma-plugin/benchmark/build/benchmark.js","fn":"fn","id":"75","ix":"3","pos":"87029","caller":{"file":"/Volumes/Work/code/figma-plugin/benchmark/build/benchmark.js","fn":"ba","id":"75","ix":"-1","pos":"118748","key":"ba /Volumes/Work/code/figma-plugin/benchmark/build/benchmark.js"}},{"file":"/Volumes/Work/code/figma-plugin/benchmark/build/benchmark.js","fn":"fn","id":"90","ix":"0","pos":"87029","caller":{"file":"/Volumes/Work/code/figma-plugin/benchmark/build/benchmark.js","fn":"ya","id":"90","ix":"-1","pos":"118363","key":"ya /Volumes/Work/code/figma-plugin/benchmark/build/benchmark.js"}},{"file":"/Volumes/Work/code/figma-plugin/benchmark/build/benchmark.js","fn":"fn","id":"93","ix":"3","pos":"87029","caller":{"file":"/Volumes/Work/code/figma-plugin/benchmark/build/benchmark.js","fn":"ba","id":"93","ix":"-1","pos":"118748","key":"ba /Volumes/Work/code/figma-plugin/benchmark/build/benchmark.js"}}],"j /Volumes/Work/code/figma-plugin/benchmark/build/benchmark.js":[{"file":"/Volumes/Work/code/figma-plugin/benchmark/build/benchmark.js","fn":"j","id":"75","ix":"4","pos":"29791","caller":{"file":"/Volumes/Work/code/figma-plugin/benchmark/build/benchmark.js","fn":"ba","id":"75","ix":"-1","pos":"118748","key":"ba /Volumes/Work/code/figma-plugin/benchmark/build/benchmark.js"}},{"file":"/Volumes/Work/code/figma-plugin/benchmark/build/benchmark.js","fn":"j","id":"93","ix":"4","pos":"29791","caller":{"file":"/Volumes/Work/code/figma-plugin/benchmark/build/benchmark.js","fn":"ba","id":"93","ix":"-1","pos":"118748","key":"ba /Volumes/Work/code/figma-plugin/benchmark/build/benchmark.js"}}],"no.getCoordinates /Volumes/Work/code/figma-plugin/benchmark/build/benchmark.js":[{"file":"/Volumes/Work/code/figma-plugin/benchmark/build/benchmark.js","fn":"no.getCoordinates","id":"79","ix":"5","pos":"104061","caller":{"file":"/Volumes/Work/code/figma-plugin/benchmark/build/benchmark.js","fn":"oa.parse","id":"79","ix":"-1","pos":"114918","key":"oa.parse /Volumes/Work/code/figma-plugin/benchmark/build/benchmark.js"}}],"ao.parseAndExpression /Volumes/Work/code/figma-plugin/benchmark/build/benchmark.js":[{"file":"/Volumes/Work/code/figma-plugin/benchmark/build/benchmark.js","fn":"ao.parseAndExpression","id":"81","ix":"1","pos":"107433","caller":{"file":"/Volumes/Work/code/figma-plugin/benchmark/build/benchmark.js","fn":"ao.parseOrExpression","id":"81","ix":"-1","pos":"107259","key":"ao.parseOrExpression /Volumes/Work/code/figma-plugin/benchmark/build/benchmark.js"}},{"file":"/Volumes/Work/code/figma-plugin/benchmark/build/benchmark.js","fn":"ao.parseAndExpression","id":"84","ix":"2","pos":"107433","caller":{"file":"/Volumes/Work/code/figma-plugin/benchmark/build/benchmark.js","fn":"ao.parseConditionalExpression","id":"84","ix":"-1","pos":"107000","key":"ao.parseConditionalExpression /Volumes/Work/code/figma-plugin/benchmark/build/benchmark.js"}}],"ao.parseOrExpression /Volumes/Work/code/figma-plugin/benchmark/build/benchmark.js":[{"file":"/Volumes/Work/code/figma-plugin/benchmark/build/benchmark.js","fn":"ao.parseOrExpression","id":"84","ix":"1","pos":"107259","caller":{"file":"/Volumes/Work/code/figma-plugin/benchmark/build/benchmark.js","fn":"ao.parseConditionalExpression","id":"84","ix":"-1","pos":"107000","key":"ao.parseConditionalExpression /Volumes/Work/code/figma-plugin/benchmark/build/benchmark.js"}}],"Fn /Volumes/Work/code/figma-plugin/benchmark/build/benchmark.js":[{"file":"/Volumes/Work/code/figma-plugin/benchmark/build/benchmark.js","fn":"Fn","id":"88","ix":"0","pos":"93717","caller":{"file":"/Volumes/Work/code/figma-plugin/benchmark/build/benchmark.js","fn":"zn","id":"88","ix":"-1","pos":"92008","key":"zn /Volumes/Work/code/figma-plugin/benchmark/build/benchmark.js"}},{"file":"/Volumes/Work/code/figma-plugin/benchmark/build/benchmark.js","fn":"Fn","id":"88","ix":"0","pos":"93717","caller":{"file":"/Volumes/Work/code/figma-plugin/benchmark/build/benchmark.js","fn":"zn","id":"88","ix":"-1","pos":"92008","key":"zn /Volumes/Work/code/figma-plugin/benchmark/build/benchmark.js"}}],"Hn /Volumes/Work/code/figma-plugin/benchmark/build/benchmark.js":[{"file":"/Volumes/Work/code/figma-plugin/benchmark/build/benchmark.js","fn":"Hn","id":"88","ix":"1","pos":"93754","caller":{"file":"/Volumes/Work/code/figma-plugin/benchmark/build/benchmark.js","fn":"zn","id":"88","ix":"-1","pos":"92008","key":"zn /Volumes/Work/code/figma-plugin/benchmark/build/benchmark.js"}}],"h /Volumes/Work/code/figma-plugin/benchmark/build/benchmark.js":[{"file":"/Volumes/Work/code/figma-plugin/benchmark/build/benchmark.js","fn":"h","id":"93","ix":"5","pos":"24903","caller":{"file":"/Volumes/Work/code/figma-plugin/benchmark/build/benchmark.js","fn":"ba","id":"93","ix":"-1","pos":"118748","key":"ba /Volumes/Work/code/figma-plugin/benchmark/build/benchmark.js"}}]}}