{"_":["benchmark/build/benchmark.js"],"open":true,"o":true,"version":false,"v":false,"help":false,"h":false,"quiet":false,"q":false,"silent":false,"s":false,"treeDebug":false,"tree-debug":false,"kernelTracingDebug":false,"kernel-tracing-debug":false,"kernelTracing":false,"kernel-tracing":false,"collectOnly":false,"collect-only":false,"writeTicks":false,"write-ticks":false,"D":"./benchmark/flamegraphs/","outputDir":"./benchmark/flamegraphs/","--":[],"workingDir":"/Volumes/Work/code/figma-plugin","argv":["benchmark/build/benchmark.js"],"pathToNodeBinary":"/Users/lukefinch/.nvm/versions/node/v20.3.1/bin/node","name":"flamegraph","collectDelay":0,"title":"node benchmark/build/benchmark.js","pid":62782,"inlined":{"scan /Volumes/Work/code/figma-plugin/benchmark/build/benchmark.js":[{"file":"/Volumes/Work/code/figma-plugin/benchmark/build/benchmark.js","fn":"scan","id":"1","ix":"0","pos":"11340","caller":{"file":"/Volumes/Work/code/figma-plugin/benchmark/build/benchmark.js","fn":"nextToken","id":"1","ix":"-1","pos":"11172","key":"nextToken /Volumes/Work/code/figma-plugin/benchmark/build/benchmark.js"}}],"next /Volumes/Work/code/figma-plugin/benchmark/build/benchmark.js":[{"file":"/Volumes/Work/code/figma-plugin/benchmark/build/benchmark.js","fn":"next","id":"1","ix":"1","pos":"11409","caller":{"file":"/Volumes/Work/code/figma-plugin/benchmark/build/benchmark.js","fn":"nextToken","id":"1","ix":"-1","pos":"11172","key":"nextToken /Volumes/Work/code/figma-plugin/benchmark/build/benchmark.js"}}]}}